-- phpMyAdmin SQL Dump
-- version 4.8.0.1
-- https://www.phpmyadmin.net/
--
-- Host: 127.0.0.1
-- Generation Time: Mar 08, 2019 at 02:10 PM
-- Server version: 10.1.32-MariaDB
-- PHP Version: 5.6.36

SET SQL_MODE = "NO_AUTO_VALUE_ON_ZERO";
SET AUTOCOMMIT = 0;
START TRANSACTION;
SET time_zone = "+00:00";


/*!40101 SET @OLD_CHARACTER_SET_CLIENT=@@CHARACTER_SET_CLIENT */;
/*!40101 SET @OLD_CHARACTER_SET_RESULTS=@@CHARACTER_SET_RESULTS */;
/*!40101 SET @OLD_COLLATION_CONNECTION=@@COLLATION_CONNECTION */;
/*!40101 SET NAMES utf8mb4 */;

--
-- Database: `database_spp_asli`
--

-- --------------------------------------------------------

--
-- Table structure for table `tb_cicilan_spp`
--

CREATE TABLE `tb_cicilan_spp` (
  `id_cicilan_spp` int(11) NOT NULL,
  `id_transaksi_spp` int(11) NOT NULL,
  `jumlah_bayar` int(11) NOT NULL,
  `id_siswa` int(11) NOT NULL,
  `tanggal_transaksi` datetime NOT NULL,
  `no_kwitansi` varchar(255) NOT NULL
) ENGINE=InnoDB DEFAULT CHARSET=latin1;

-- --------------------------------------------------------

--
-- Table structure for table `tb_detail_daftar_ulang`
--

CREATE TABLE `tb_detail_daftar_ulang` (
  `id_detail_daftar_ulang` int(11) NOT NULL,
  `nama_detail_pembayaran` varchar(255) DEFAULT NULL
) ENGINE=InnoDB DEFAULT CHARSET=latin1;

--
-- Dumping data for table `tb_detail_daftar_ulang`
--

INSERT INTO `tb_detail_daftar_ulang` (`id_detail_daftar_ulang`, `nama_detail_pembayaran`) VALUES
(1, 'SEWA DIPAN'),
(2, 'KHUTBAH TA\'ARUF'),
(3, 'KESANTRIAN'),
(4, 'KESEHATAN'),
(5, 'PEMBANGUNAN'),
(6, 'PENGEMBANGAN MUTU'),
(7, 'EKSKUL'),
(8, 'PERPUSTKAAN'),
(9, 'BUKU PAKET');

-- --------------------------------------------------------

--
-- Table structure for table `tb_detail_set_daftar_ulang`
--

CREATE TABLE `tb_detail_set_daftar_ulang` (
  `id_detail_set_daftar_ulang` int(11) NOT NULL,
  `id_set_daftar_ulang` int(11) NOT NULL,
  `id_detail_daftar_ulang` int(11) NOT NULL,
  `nominal_bayar` varchar(255) NOT NULL
) ENGINE=InnoDB DEFAULT CHARSET=latin1;

--
-- Dumping data for table `tb_detail_set_daftar_ulang`
--

INSERT INTO `tb_detail_set_daftar_ulang` (`id_detail_set_daftar_ulang`, `id_set_daftar_ulang`, `id_detail_daftar_ulang`, `nominal_bayar`) VALUES
(1, 1, 1, '400000'),
(2, 1, 2, '200000'),
(3, 1, 3, '300000'),
(4, 1, 4, '200000'),
(5, 1, 5, '2500000'),
(6, 1, 6, '450000'),
(7, 1, 7, '100000'),
(8, 1, 8, '200000'),
(9, 1, 9, '150000'),
(10, 2, 3, '300000'),
(11, 2, 1, '300000'),
(12, 2, 4, '200000'),
(13, 2, 7, '100000'),
(14, 2, 6, '450000'),
(15, 3, 3, '300000'),
(16, 3, 1, '300000'),
(17, 3, 4, '200000'),
(18, 3, 7, '100000'),
(19, 3, 6, '450000'),
(20, 4, 1, '400000'),
(21, 4, 2, '200000'),
(22, 4, 3, '300000'),
(23, 4, 4, '200000'),
(24, 4, 5, '2500000'),
(25, 4, 6, '450000'),
(26, 4, 7, '100000'),
(27, 4, 8, '200000'),
(28, 4, 9, '150000');

-- --------------------------------------------------------

--
-- Table structure for table `tb_jenis_pembayaran`
--

CREATE TABLE `tb_jenis_pembayaran` (
  `id_jenis_pembayaran` int(11) NOT NULL,
  `nama_jenis_pembayaran` varchar(255) DEFAULT NULL,
  `keterangan` varchar(255) DEFAULT NULL
) ENGINE=InnoDB DEFAULT CHARSET=latin1;

--
-- Dumping data for table `tb_jenis_pembayaran`
--

INSERT INTO `tb_jenis_pembayaran` (`id_jenis_pembayaran`, `nama_jenis_pembayaran`, `keterangan`) VALUES
(1, 'SPP', '-'),
(2, 'DAFTAR ULANG', '-');

-- --------------------------------------------------------

--
-- Table structure for table `tb_kelas`
--

CREATE TABLE `tb_kelas` (
  `id_kelas` int(11) NOT NULL,
  `nama_kelas` varchar(255) DEFAULT NULL,
  `keterangan` varchar(255) DEFAULT NULL
) ENGINE=InnoDB DEFAULT CHARSET=latin1;

--
-- Dumping data for table `tb_kelas`
--

INSERT INTO `tb_kelas` (`id_kelas`, `nama_kelas`, `keterangan`) VALUES
(1, 'Siswa 2017 A', 'siswa angkatan tahun ajaran 2017'),
(2, 'Siswa 2018 A', 'siswa angkatan tahun ajaran 2018'),
(4, 'Siswa Maditaq 2018 A', 'siswa Maditaq angkatan tahun ajaran 2018 '),
(5, 'Siswa Maditaq 2017 A', 'siswa Maditaq angkatan tahun ajaran 2017');

-- --------------------------------------------------------

--
-- Table structure for table `tb_set_daftar_ulang`
--

CREATE TABLE `tb_set_daftar_ulang` (
  `id_set_daftar_ulang` int(11) NOT NULL,
  `keterangan` varchar(255) DEFAULT NULL,
  `dari` varchar(255) DEFAULT NULL,
  `sampai` varchar(255) DEFAULT NULL,
  `id_kelas` int(11) DEFAULT NULL,
  `max_angsuran` int(11) DEFAULT NULL,
  `biaya_daful` varchar(255) DEFAULT NULL
) ENGINE=InnoDB DEFAULT CHARSET=latin1;

--
-- Dumping data for table `tb_set_daftar_ulang`
--

INSERT INTO `tb_set_daftar_ulang` (`id_set_daftar_ulang`, `keterangan`, `dari`, `sampai`, `id_kelas`, `max_angsuran`, `biaya_daful`) VALUES
(1, 'PEMBAYARAN DAFUL SISWA 2018 A DI KELAS 1', '2018-07-01', '2019-06-30', 2, 18, '4500000'),
(2, 'PEMBAYARAN DAFUL SISWA 2017 A DI KELAS 2', '2018-07-01', '2019-06-30', 1, 18, '1350000'),
(3, 'PEMBAYARAN DAFUL SISWA MADITAQ 2017 A DI KELAS 2', '2018-07-01', '2019-06-30', 5, 18, '1350000'),
(4, 'PEMBAYARAN DAFUL SISWA MADITAQ 2018 A DI KELAS 1 ', '2018-07-01', '2019-06-30', 4, 18, '4500000');

-- --------------------------------------------------------

--
-- Table structure for table `tb_set_spp`
--

CREATE TABLE `tb_set_spp` (
  `id_set_spp` int(11) NOT NULL,
  `keterangan` text,
  `id_jenis_pembayaran` int(11) DEFAULT NULL,
  `dari` varchar(255) DEFAULT NULL,
  `sampai` varchar(255) DEFAULT NULL,
  `id_kelas` int(11) DEFAULT NULL
) ENGINE=InnoDB DEFAULT CHARSET=latin1;

--
-- Dumping data for table `tb_set_spp`
--

INSERT INTO `tb_set_spp` (`id_set_spp`, `keterangan`, `id_jenis_pembayaran`, `dari`, `sampai`, `id_kelas`) VALUES
(1, 'PEMBAYARAN SPP SISWA 2018 A DI KELAS 1', 1, '2018-07-01', '2019-06-30', 2),
(2, 'PEMBAYARAN SPP SISWA 2018 A DI KELAS 1', 1, '2018-07-01', '2019-05-30', 2),
(3, 'PEMBAYARAN SPP SISWA 2017 A DI KELAS 2', 1, '2018-07-01', '2019-04-30', 1),
(4, 'PEMBAYARAN SPP SISWA MADITAQ 2017 A DI KELAS 2', 1, '2018-07-01', '2019-06-30', 5),
(5, 'PEMBAYARAN SPP SISWA MADITAQ 2018 A DI KELAS 1 ', 1, '2018-07-01', '2019-06-30', 4);

-- --------------------------------------------------------

--
-- Table structure for table `tb_siswa`
--

CREATE TABLE `tb_siswa` (
  `id_siswa` int(11) NOT NULL,
  `nis` varchar(255) DEFAULT NULL,
  `nama_siswa` varchar(255) DEFAULT NULL,
  `id_kelas` int(11) DEFAULT NULL
) ENGINE=InnoDB DEFAULT CHARSET=latin1;

--
-- Dumping data for table `tb_siswa`
--

INSERT INTO `tb_siswa` (`id_siswa`, `nis`, `nama_siswa`, `id_kelas`) VALUES
(1, '18128', 'Adelia Dwi Rahma W', 2),
(3, '18129', 'Afifah Rahmadani', 2),
(6, '18130', 'Agasi Ifthia Arnida ', 2),
(7, '18131', 'Alifah Fauziah Alfadila', 2),
(8, '18132', 'Armilda Widya Saputri', 2),
(9, '18133', 'Bilqis Khansa Nuha', 2),
(10, '18134', 'Deffa Nurmala Sari', 2),
(11, '18135', 'Dita Aprilia', 2),
(12, '18136', 'Diva yayang Trisilia ', 2),
(13, '18137', 'Fadhilah Putri', 2),
(14, '18138', 'Firda Fadila Ridwan', 2),
(16, '18139', 'Fitriyana', 2),
(17, '18140', 'Fitriyani', 2),
(18, '18141', 'Hanifatul Mufida', 2),
(19, '18142', 'Lilis Fransiska', 2),
(20, '18143', 'Mahdiyyah  Azizah', 2),
(21, '18144', 'Marwatul Kholisah', 2),
(22, '18145', 'Mas watul Jannah', 2),
(24, '18146', 'Monica Tiara Safitri ', 2),
(25, '18147', 'Nabila Azhar Azizah', 2),
(26, '18148', 'Najla Sahda Umama', 2),
(27, '18149', 'Najwa Nadifa Amlu', 2),
(28, '18150', 'Nanjelina Bintang R', 2),
(29, '18151', 'Nisa Awalia', 2),
(30, '18152', 'Nurul Fadilah', 2),
(31, '18153', 'Rifatul Mahmuda', 2),
(32, '18154', 'Rika Nur Wulandari', 2),
(33, '18155', 'Sami Prasetiawati', 2),
(34, '18156', 'Sefia aRahma az zahra', 2),
(35, '18157', 'Sherly Via Zanika', 2),
(36, '18158', 'Shofi Al Mutaqof', 2),
(37, '18159', 'Luthfi Halimatus  S', 2),
(38, '1709101', 'Adinda FailaSyifa', 1),
(39, '1709202', 'Adzkia Afiefatunnisa', 1),
(40, '1709303', 'Adzqi Amalia Putri', 1),
(41, '1709404', 'Anisa Tufahati', 1),
(42, '1709505', 'Anisya CindeKirana', 1),
(43, '1709606', 'Annisa Nurrosyida', 1),
(44, '1709707', 'Antika Hidayah kusuma', 1),
(45, '1709808', 'Assyifa Mutiara Qolby', 1),
(46, '1710010', 'Calista Ratna Maharani', 1),
(47, '1710111', 'Celline Yovita', 1),
(48, '1710212', 'Dita Permatasari', 1),
(49, '1710313', 'Dona FebiolaPutri', 1),
(50, '1710414', 'Eka Erliyana', 1),
(51, '1710616', 'Farihah Zidni', 1),
(52, '1710717', 'Firyal Zahrotun Mufida', 1),
(53, '1710818', 'Inas Amaliya Sajidah', 1),
(54, '1710919', 'Isnun Mutmainah', 1),
(55, '1711020', 'Leony Agustina', 1),
(56, '1711121', 'Lutfi yana Ulfa', 1),
(57, '1711222', 'Maoya Shovi Zamzami', 1),
(58, '1711323', 'Mar\'atus Sholeha', 1),
(59, '1711424', 'Nuri Rohayati', 1),
(60, '1711525', 'Nurul Izzah', 1),
(61, '1711626', 'Rahmatul Wahibah', 1),
(62, '1712028', 'Rosyidatul Ashfiya', 1),
(63, '1712129', 'Shabrina Sabila A', 1),
(64, '1712230', 'Umi Salamah', 1),
(65, '1712331', 'Uswatin Nafi\'ah', 1),
(66, '1712432', 'Vera Mahesa', 1),
(67, '1712533 ', 'Yuni Annisa', 1),
(68, '1712534', 'Shepti Hatiyah', 1),
(69, '1017001', 'Afra Sari Tilawah ', 5),
(70, '1017002', 'Ajra Khoirina ', 5),
(71, '1017003', 'Ar Rumaishahuz Zahra ', 5),
(72, '1017004', 'Azizah Humairoh maulana', 5),
(73, '1017005', 'Azizah Khoirun Nisa', 5),
(74, '1017006', 'Elsa Muslimat ', 5),
(75, '1017007', 'Fatimah Azzahra ', 5),
(76, '1017008', 'Febriyanti', 5),
(77, '1017009', 'Hanifah syafi\'ah', 5),
(78, '1017010', 'Hanisa Nurul Barokah', 5),
(79, '1017011', 'Jihan Azzahra ', 5),
(80, '1017012', 'Melisa Bella ', 5),
(81, '1017013', 'Nafsul Mutmainnah', 5),
(82, '1017014', 'Putri Saka Ilmi ', 5),
(83, '1017015', 'Tri Hastuti ', 5),
(84, '1017016', 'Zahra Qonita putri', 5),
(85, '1017017', 'Zahrotus Syahadah ', 5),
(86, '2018018', 'Adelya Putri', 4),
(87, '2018019', 'Aisyah Putri As syahidah', 4),
(88, '2018020', 'Alindra Afis Maudy', 4),
(89, '2018021', 'Alya Nur Rohmah', 4),
(90, '2018022', 'Arifah Sofiah Andalusi', 4),
(91, '2018023', 'Asma Nadiya Salma', 4),
(92, '2018024', 'Atha Aulia Ulillah', 4),
(93, '2018025', 'Aulia Nawarani Putri', 4),
(94, '2018026', 'Aura Ghasani Az Zahra', 4),
(95, '2018027', 'Kaffa Bella Syahida', 4),
(96, '2018028', 'Lutfiyatul Azizah', 4),
(97, '2018029', 'Mutia Azizah', 4),
(98, '2018030', 'Qanita Putri Netaisyah', 4),
(99, '2018031', 'Rahma Aida Dewi', 4),
(100, '2018032', 'Revi Dwi Astadinia', 4),
(101, '2018033', 'Sabita Salsabila', 4),
(102, '2018034', 'Salma Qurrota A\'yun', 4),
(103, '2018035', 'Sekar Hanum Syahidah', 4),
(104, '2018036', 'Uswatun Hasanah Mudarodzah', 4);

-- --------------------------------------------------------

--
-- Table structure for table `tb_siswa_di_pembayaran_daful`
--

CREATE TABLE `tb_siswa_di_pembayaran_daful` (
  `id_siswa_di_pemabayaran_daful` int(11) NOT NULL,
  `id_set_daftar_ulang` int(11) NOT NULL,
  `id_siswa` int(11) NOT NULL
) ENGINE=InnoDB DEFAULT CHARSET=latin1;

--
-- Dumping data for table `tb_siswa_di_pembayaran_daful`
--

INSERT INTO `tb_siswa_di_pembayaran_daful` (`id_siswa_di_pemabayaran_daful`, `id_set_daftar_ulang`, `id_siswa`) VALUES
(1, 1, 1),
(2, 1, 3),
(3, 1, 6),
(4, 1, 7),
(5, 1, 8),
(6, 1, 9),
(7, 1, 10),
(8, 1, 11),
(9, 1, 12),
(10, 1, 13),
(11, 1, 14),
(12, 1, 16),
(13, 1, 17),
(14, 1, 18),
(15, 1, 19),
(16, 1, 20),
(17, 1, 21),
(18, 1, 22),
(19, 1, 24),
(20, 1, 25),
(21, 1, 26),
(22, 1, 27),
(23, 1, 28),
(24, 1, 29),
(25, 1, 30),
(26, 1, 31),
(27, 1, 32),
(28, 1, 33),
(29, 1, 34),
(30, 1, 35),
(31, 1, 36),
(32, 1, 37),
(33, 2, 38),
(34, 2, 39),
(35, 2, 40),
(36, 2, 41),
(37, 2, 42),
(38, 2, 43),
(39, 2, 44),
(40, 2, 45),
(41, 2, 46),
(42, 2, 47),
(43, 2, 48),
(44, 2, 49),
(45, 2, 50),
(46, 2, 51),
(47, 2, 52),
(48, 2, 53),
(49, 2, 54),
(50, 2, 55),
(51, 2, 56),
(52, 2, 57),
(53, 2, 58),
(54, 2, 59),
(55, 2, 60),
(56, 2, 61),
(57, 2, 62),
(58, 2, 63),
(59, 2, 64),
(60, 2, 65),
(61, 2, 66),
(62, 2, 67),
(63, 2, 68),
(64, 3, 69),
(65, 3, 70),
(66, 3, 71),
(67, 3, 72),
(68, 3, 73),
(69, 3, 74),
(70, 3, 75),
(71, 3, 76),
(72, 3, 77),
(73, 3, 78),
(74, 3, 79),
(75, 3, 80),
(76, 3, 81),
(77, 3, 82),
(78, 3, 83),
(79, 3, 84),
(80, 3, 85),
(81, 4, 86),
(82, 4, 87),
(83, 4, 88),
(84, 4, 89),
(85, 4, 90),
(86, 4, 91),
(87, 4, 92),
(88, 4, 93),
(89, 4, 94),
(90, 4, 95),
(91, 4, 96),
(92, 4, 97),
(93, 4, 98),
(94, 4, 99),
(95, 4, 100),
(96, 4, 101),
(97, 4, 102),
(98, 4, 103),
(99, 4, 104);

-- --------------------------------------------------------

--
-- Table structure for table `tb_tahun_ajaran`
--

CREATE TABLE `tb_tahun_ajaran` (
  `id_tahun_ajaran` int(11) NOT NULL,
  `nama_tahun_ajaran` varchar(255) DEFAULT NULL,
  `keterangan` varchar(255) DEFAULT NULL
) ENGINE=InnoDB DEFAULT CHARSET=latin1;

-- --------------------------------------------------------

--
-- Table structure for table `tb_transaksi_pembayaran_daful`
--

CREATE TABLE `tb_transaksi_pembayaran_daful` (
  `id_transaksi_pembayaran_daful` int(11) NOT NULL,
  `id_siswa` int(11) NOT NULL,
  `id_set_daftar_ulang` int(11) NOT NULL,
  `no_kwitansi` varchar(255) NOT NULL,
  `jumlah_bayar` int(11) NOT NULL,
  `tanggal_transaksi` datetime NOT NULL,
  `status` varchar(255) NOT NULL DEFAULT ''
) ENGINE=InnoDB DEFAULT CHARSET=latin1;

--
-- Dumping data for table `tb_transaksi_pembayaran_daful`
--

INSERT INTO `tb_transaksi_pembayaran_daful` (`id_transaksi_pembayaran_daful`, `id_siswa`, `id_set_daftar_ulang`, `no_kwitansi`, `jumlah_bayar`, `tanggal_transaksi`, `status`) VALUES
(1, 1, 1, '2019020602333958', 1000000, '2018-05-16 02:34:26', 'sudah bayar'),
(2, 1, 1, '2019020602343080', 2000000, '2018-07-09 02:34:57', 'sudah bayar'),
(3, 1, 1, '2019020602350199', 1500000, '2018-11-19 02:35:33', 'sudah bayar'),
(4, 3, 1, '2019020602373566', 2000000, '2018-05-24 02:37:51', 'sudah bayar'),
(5, 3, 1, '2019020602375494', 1000000, '2018-08-23 02:38:14', 'sudah bayar'),
(6, 3, 1, '2019020602381720', 1500000, '2018-09-27 02:38:41', 'sudah bayar'),
(7, 6, 1, '2019020602391031', 1000000, '2018-05-27 02:39:35', 'sudah bayar'),
(8, 6, 1, '2019020602393728', 2900000, '2018-07-09 02:39:59', 'sudah bayar'),
(9, 7, 1, '2019020602425793', 3000000, '2018-05-14 02:43:19', 'sudah bayar'),
(10, 7, 1, '2019020602432280', 1500000, '2018-11-21 02:43:44', 'sudah bayar'),
(11, 8, 1, '2019020602435919', 4500000, '2018-06-21 02:44:20', 'sudah bayar'),
(12, 9, 1, '2019020602443826', 900000, '2018-05-26 02:44:54', 'sudah bayar'),
(13, 10, 1, '2019020602450619', 4500000, '2018-05-22 02:45:30', 'sudah bayar'),
(14, 11, 1, '2019020602454419', 1000000, '2018-05-24 02:46:06', 'sudah bayar'),
(15, 12, 1, '2019020602462392', 2400000, '2018-05-19 02:46:45', 'sudah bayar'),
(16, 12, 1, '2019020602464787', 2100000, '2018-10-15 02:47:04', 'sudah bayar'),
(17, 13, 1, '2019020602472162', 2400000, '2018-05-21 02:47:42', 'sudah bayar'),
(18, 13, 1, '2019020602474516', 2100000, '2018-08-25 02:48:03', 'sudah bayar'),
(19, 14, 1, '2019020602482090', 1400000, '2018-05-25 02:48:42', 'sudah bayar'),
(20, 14, 1, '2019020602484515', 500000, '2018-11-22 02:49:06', 'sudah bayar'),
(21, 16, 1, '2019020602492047', 500000, '2018-05-27 02:49:42', 'sudah bayar'),
(22, 16, 1, '2019020602494423', 2500000, '2018-07-09 02:50:08', 'sudah bayar'),
(23, 17, 1, '2019020602501597', 500000, '2018-05-27 02:50:37', 'sudah bayar'),
(24, 17, 1, '2019020602504097', 1500000, '2018-07-09 02:51:00', 'sudah bayar'),
(25, 19, 1, '2019020602513336', 3500000, '2018-05-29 02:51:56', 'sudah bayar'),
(26, 37, 1, '2019020602523890', 2750000, '2018-09-12 02:53:00', 'sudah bayar'),
(27, 37, 1, '2019020602530472', 600000, '2018-11-22 02:53:26', 'sudah bayar'),
(28, 20, 1, '2019020602534521', 3000000, '2018-05-26 02:54:05', 'sudah bayar'),
(29, 20, 1, '2019020602540861', 1500000, '2018-11-22 02:54:40', 'sudah bayar'),
(30, 21, 1, '2019020602550198', 4500000, '2018-06-05 02:55:19', 'sudah bayar'),
(31, 22, 1, '2019020602553298', 2900000, '2018-05-16 02:55:53', 'sudah bayar'),
(32, 22, 1, '2019020602555681', 1600000, '2018-11-21 02:56:16', 'sudah bayar'),
(33, 24, 1, '2019020602563872', 400000, '2018-05-22 02:56:56', 'sudah bayar'),
(34, 24, 1, '2019020602565868', 1100000, '2018-11-22 02:57:19', 'sudah bayar'),
(35, 25, 1, '2019020603020762', 900000, '2018-05-25 03:02:32', 'sudah bayar'),
(36, 25, 1, '2019020603023434', 500000, '2018-05-25 03:02:55', 'sudah bayar'),
(37, 25, 1, '2019020603025849', 3100000, '2018-11-22 03:03:44', 'sudah bayar'),
(38, 26, 1, '2019020603043272', 2500000, '2018-05-31 03:04:47', 'sudah bayar'),
(39, 26, 1, '2019020603045130', 2000000, '2018-07-09 03:05:12', 'sudah bayar'),
(40, 27, 1, '2019020603060292', 2450000, '2018-05-24 03:06:19', 'sudah bayar'),
(41, 27, 1, '2019020603062126', 1500000, '2018-07-09 03:06:42', 'sudah bayar'),
(42, 27, 1, '2019020603064513', 550000, '2018-05-24 03:07:06', 'sudah bayar'),
(43, 28, 1, '2019020603072334', 2500000, '2018-05-16 03:07:43', 'sudah bayar'),
(44, 28, 1, '2019020603074527', 2000000, '2018-07-09 03:08:08', 'sudah bayar'),
(45, 29, 1, '2019020603082965', 4500000, '2018-05-22 03:08:50', 'sudah bayar'),
(46, 30, 1, '2019020603092895', 4500000, '2018-05-22 03:09:45', 'sudah bayar'),
(47, 31, 1, '2019020603095945', 4500000, '2018-05-23 03:10:22', 'sudah bayar'),
(48, 32, 1, '2019020603103577', 4500000, '2018-06-01 03:10:57', 'sudah bayar'),
(49, 33, 1, '2019020603111035', 1400000, '2018-05-25 03:11:33', 'sudah bayar'),
(50, 33, 1, '2019020603113510', 2000000, '2018-07-09 03:12:00', 'sudah bayar'),
(51, 33, 1, '2019020603120336', 500000, '2018-08-20 03:12:24', 'sudah bayar'),
(52, 33, 1, '2019020603122612', 200000, '2018-11-22 03:12:49', 'sudah bayar'),
(53, 33, 1, '2019020603125168', 400000, '2018-11-22 03:13:11', 'sudah bayar'),
(54, 34, 1, '2019020603134077', 2000000, '2018-05-26 03:14:00', 'sudah bayar'),
(55, 34, 1, '2019020603140218', 2500000, '2018-11-22 03:14:22', 'sudah bayar'),
(56, 35, 1, '2019020603143638', 1400000, '2018-05-31 03:14:57', 'sudah bayar'),
(57, 35, 1, '2019020603145952', 2500000, '2018-07-28 03:15:21', 'sudah bayar'),
(58, 35, 1, '2019020603152310', 600000, '2018-09-04 03:15:41', 'sudah bayar'),
(59, 36, 1, '2019020603160264', 1400000, '2018-05-25 03:16:22', 'sudah bayar'),
(60, 36, 1, '2019020603162414', 2000000, '2018-09-06 03:16:43', 'sudah bayar'),
(61, 36, 1, '2019020603164663', 1100000, '2018-11-22 03:17:05', 'sudah bayar'),
(62, 38, 2, '2019020603191014', 1250000, '2018-07-13 03:19:26', 'sudah bayar'),
(63, 39, 2, '2019020603195351', 1350000, '2018-07-09 03:20:12', 'sudah bayar'),
(64, 40, 2, '2019020603202672', 1350000, '2018-07-09 03:20:42', 'sudah bayar'),
(65, 41, 2, '2019020603210565', 1350000, '2018-07-09 03:21:20', 'sudah bayar'),
(66, 42, 2, '2019020603213934', 1350000, '2018-07-09 03:21:56', 'sudah bayar'),
(67, 45, 2, '2019020603222381', 1350000, '2018-07-09 03:22:43', 'sudah bayar'),
(68, 46, 2, '2019020603225710', 1000000, '2018-11-05 03:23:11', 'sudah bayar'),
(69, 46, 2, '2019020603231482', 350000, '2018-11-22 03:23:30', 'sudah bayar'),
(70, 47, 2, '2019020603234862', 1000000, '2018-07-09 03:24:08', 'sudah bayar'),
(71, 47, 2, '2019020603241181', 350000, '2018-11-13 03:24:24', 'sudah bayar'),
(72, 48, 2, '2019020603243711', 1000000, '2018-07-23 03:24:55', 'sudah bayar'),
(73, 48, 2, '2019020603245735', 350000, '2018-11-22 03:25:18', 'sudah bayar'),
(74, 49, 2, '2019020603252993', 1350000, '2018-07-09 03:25:47', 'sudah bayar'),
(75, 50, 2, '2019020603255947', 1350000, '2018-07-09 03:26:14', 'sudah bayar'),
(76, 52, 2, '2019020603262927', 1350000, '2018-07-09 03:26:47', 'sudah bayar'),
(77, 53, 2, '2019020603270381', 1350000, '2018-07-12 03:27:25', 'sudah bayar'),
(78, 54, 2, '2019020603274290', 1350000, '2018-07-09 03:28:05', 'sudah bayar'),
(79, 55, 2, '2019020603282935', 850000, '2018-10-11 03:28:46', 'sudah bayar'),
(80, 55, 2, '2019020603284977', 500000, '2018-11-22 03:29:09', 'sudah bayar'),
(81, 56, 2, '2019020603301946', 350000, '2018-07-26 03:30:42', 'sudah bayar'),
(82, 56, 2, '2019020603304672', 200000, '2018-11-22 03:31:07', 'sudah bayar'),
(83, 56, 2, '2019020603311086', 800000, '2018-11-22 03:31:30', 'sudah bayar'),
(84, 57, 2, '2019020603320239', 1350000, '2018-07-09 03:32:28', 'sudah bayar'),
(85, 58, 2, '2019020603324276', 1350000, '2018-07-09 03:33:03', 'sudah bayar'),
(86, 60, 2, '2019020603331833', 1350000, '2018-07-09 03:33:34', 'sudah bayar'),
(87, 62, 2, '2019020603334975', 1350000, '2018-07-09 03:34:07', 'sudah bayar'),
(88, 65, 2, '2019020603343631', 1350000, '2018-07-09 03:34:46', 'sudah bayar'),
(89, 66, 2, '2019020603345753', 1350000, '2018-07-16 03:35:08', 'sudah bayar'),
(90, 67, 2, '2019020603352054', 200000, '2018-07-09 03:35:45', 'sudah bayar'),
(91, 67, 2, '2019020603354786', 1150000, '2018-11-22 03:36:08', 'sudah bayar'),
(92, 68, 2, '2019020603362816', 200000, '2018-07-09 03:36:46', 'sudah bayar'),
(93, 70, 3, '2019020803020973', 1350000, '2018-08-23 03:02:20', 'sudah bayar'),
(94, 72, 3, '2019020803032395', 1350000, '2018-07-24 03:03:37', 'sudah bayar'),
(95, 73, 3, '2019020803035827', 800000, '2018-07-18 03:04:08', 'sudah bayar'),
(96, 73, 3, '2019020803045535', 550000, '2018-12-12 03:05:38', 'sudah bayar'),
(97, 78, 3, '2019020803065081', 1350000, '2018-07-09 03:07:00', 'sudah bayar'),
(98, 79, 3, '2019020803071316', 800000, '2018-07-21 03:07:30', 'sudah bayar'),
(99, 83, 3, '2019020803081187', 1350000, '2018-07-18 03:08:22', 'sudah bayar'),
(100, 84, 3, '2019020803083544', 700000, '2018-07-18 03:08:52', 'sudah bayar'),
(101, 86, 4, '2019020803111411', 1000000, '2018-05-27 03:11:31', 'sudah bayar'),
(102, 86, 4, '2019020803120157', 1000000, '2018-10-14 03:12:10', 'sudah bayar'),
(103, 87, 4, '2019020803125042', 4000000, '2018-05-24 03:13:03', 'sudah bayar'),
(104, 87, 4, '2019020803134540', 300000, '2018-10-06 03:13:55', 'sudah bayar'),
(105, 87, 4, '2019020803140861', 200000, '2018-11-24 03:14:17', 'sudah bayar'),
(106, 88, 4, '2019020803143817', 1350000, '2018-07-11 03:14:52', 'sudah bayar'),
(107, 88, 4, '2019020803152974', 3150000, '2018-11-25 03:15:43', 'sudah bayar'),
(108, 89, 4, '2019020803160268', 2400000, '2018-05-26 03:16:25', 'sudah bayar'),
(109, 89, 4, '2019020803181127', 1500000, '2018-10-04 03:18:24', 'sudah bayar'),
(110, 89, 4, '2019020803184173', 600000, '2018-11-24 03:18:50', 'sudah bayar'),
(111, 90, 4, '2019020803193212', 2000000, '2018-05-24 03:19:46', 'sudah bayar'),
(112, 90, 4, '2019020803201778', 2500000, '2018-11-23 03:20:30', 'sudah bayar'),
(113, 91, 4, '2019020803204445', 500000, '2018-05-24 03:21:03', 'sudah bayar'),
(114, 92, 4, '2019020803215335', 4500000, '2018-05-28 03:22:08', 'sudah bayar'),
(115, 93, 4, '2019020803222368', 400000, '2018-05-28 03:22:38', 'sudah bayar'),
(116, 93, 4, '2019020803224171', 250000, '2018-07-11 03:22:59', 'sudah bayar'),
(117, 93, 4, '2019020803230243', 500000, '2018-08-24 03:23:23', 'sudah bayar'),
(118, 93, 4, '2019020803242760', 250000, '2018-10-21 03:24:42', 'sudah bayar'),
(119, 93, 4, '2019020803244551', 250000, '2018-10-27 03:25:00', 'sudah bayar'),
(120, 93, 4, '2019020803251281', 250000, '2018-11-24 03:25:22', 'sudah bayar'),
(121, 93, 4, '2019020803254048', 250000, '2019-01-01 03:25:48', 'sudah bayar'),
(122, 95, 4, '2019020803281294', 2400000, '2018-05-28 03:28:32', 'sudah bayar'),
(123, 95, 4, '2019020803284021', 2100000, '2018-07-11 03:29:02', 'sudah bayar'),
(124, 96, 4, '2019020803291621', 4500000, '2018-05-22 03:29:32', 'sudah bayar'),
(125, 97, 4, '2019020803294615', 2000000, '2018-05-27 03:30:00', 'sudah bayar'),
(126, 97, 4, '2019020803330869', 100000, '2018-09-15 03:33:20', 'sudah bayar'),
(127, 97, 4, '2019020803333432', 1000000, '2018-10-16 03:33:45', 'sudah bayar'),
(128, 97, 4, '2019020803335675', 350000, '2018-11-24 03:34:10', 'sudah bayar'),
(129, 98, 4, '2019020803345895', 4000000, '2018-05-28 03:35:11', 'sudah bayar'),
(130, 100, 4, '2019020803362353', 4000000, '2018-07-11 03:36:40', 'sudah bayar'),
(131, 100, 4, '2019020803370115', 500000, '2018-09-11 03:37:15', 'sudah bayar'),
(132, 101, 4, '2019020803372653', 3100000, '2018-05-22 03:37:41', 'sudah bayar'),
(133, 101, 4, '2019020803381226', 1400000, '2018-11-23 03:38:28', 'sudah bayar'),
(134, 102, 4, '2019020803384610', 1000000, '2018-07-11 03:39:08', 'sudah bayar'),
(135, 102, 4, '2019020803392794', 1400000, '2018-08-31 03:39:49', 'sudah bayar'),
(136, 102, 4, '2019020803401330', 1000000, '2018-12-15 03:40:21', 'sudah bayar'),
(137, 103, 4, '2019020803404194', 2400000, '2018-05-29 03:40:56', 'sudah bayar'),
(138, 103, 4, '2019020803412017', 1000000, '2018-10-04 03:41:35', 'sudah bayar'),
(139, 103, 4, '2019020803414863', 1000000, '2018-11-23 03:42:04', 'sudah bayar'),
(140, 104, 4, '2019020803423820', 900000, '2018-05-26 03:42:56', 'sudah bayar'),
(141, 104, 4, '2019020803425818', 1000000, '2018-07-13 03:43:18', 'sudah bayar'),
(142, 104, 4, '2019020803435254', 2600000, '2018-12-12 03:44:10', 'sudah bayar'),
(143, 84, 3, '2019022502291977', 650000, '2019-02-20 02:29:42', 'sudah bayar');

-- --------------------------------------------------------

--
-- Table structure for table `tb_transaksi_pembayaran_spp`
--

CREATE TABLE `tb_transaksi_pembayaran_spp` (
  `id_transaksi_spp` int(11) NOT NULL,
  `id_detail_set_spp` int(11) DEFAULT NULL,
  `bulan` int(5) DEFAULT NULL,
  `tahun` int(5) DEFAULT NULL,
  `tanggal_transaksi` datetime DEFAULT NULL,
  `no_kwitansi` varchar(255) DEFAULT NULL,
  `status` enum('belum bayar','sudah bayar') DEFAULT 'belum bayar',
  `id_set_spp` int(11) DEFAULT NULL,
  `nominal_default` int(11) DEFAULT NULL,
  `jumlah_bayar` int(11) DEFAULT NULL,
  `id_siswa` int(11) DEFAULT NULL
) ENGINE=InnoDB DEFAULT CHARSET=latin1;

--
-- Dumping data for table `tb_transaksi_pembayaran_spp`
--

INSERT INTO `tb_transaksi_pembayaran_spp` (`id_transaksi_spp`, `id_detail_set_spp`, `bulan`, `tahun`, `tanggal_transaksi`, `no_kwitansi`, `status`, `id_set_spp`, `nominal_default`, `jumlah_bayar`, `id_siswa`) VALUES
(1, NULL, 7, 2018, '2018-08-20 05:00:47', '2019013005001880', 'sudah bayar', 1, 650000, 650000, 1),
(2, NULL, 8, 2018, '2018-08-20 05:01:08', '2019013005005772', 'sudah bayar', 1, 650000, 650000, 1),
(3, NULL, 9, 2018, '2018-09-24 05:01:32', '2019013005012063', 'sudah bayar', 1, 650000, 650000, 1),
(4, NULL, 10, 2018, '2018-09-24 05:02:13', '2019013005015227', 'sudah bayar', 1, 650000, 650000, 1),
(5, NULL, 11, 2018, '2018-11-16 05:02:43', '2019013005023025', 'sudah bayar', 1, 650000, 650000, 1),
(6, NULL, 12, 2018, '2018-12-15 05:03:07', '2019013005024839', 'sudah bayar', 1, 650000, 650000, 1),
(7, NULL, 1, 2019, NULL, NULL, 'belum bayar', 1, 650000, NULL, 1),
(8, NULL, 2, 2019, NULL, NULL, 'belum bayar', 1, 650000, NULL, 1),
(9, NULL, 3, 2019, NULL, NULL, 'belum bayar', 1, 650000, NULL, 1),
(10, NULL, 4, 2019, NULL, NULL, 'belum bayar', 1, 650000, NULL, 1),
(11, NULL, 5, 2019, NULL, NULL, 'belum bayar', 1, 650000, NULL, 1),
(12, NULL, 6, 2019, NULL, NULL, 'belum bayar', 1, 650000, NULL, 1),
(13, NULL, 7, 2018, '2018-08-23 05:04:46', '2019013005042940', 'sudah bayar', 1, 700000, 700000, 3),
(14, NULL, 8, 2018, '2018-08-23 05:05:00', '2019013005044912', 'sudah bayar', 1, 700000, 700000, 3),
(15, NULL, 9, 2018, '2018-09-17 05:05:24', '2019013005050933', 'sudah bayar', 1, 700000, 700000, 3),
(16, NULL, 10, 2018, '2018-09-17 05:05:49', '2019013005053124', 'sudah bayar', 1, 700000, 700000, 3),
(17, NULL, 11, 2018, '2018-11-21 05:06:09', '2019013005055268', 'sudah bayar', 1, 700000, 700000, 3),
(18, NULL, 12, 2018, NULL, NULL, 'belum bayar', 1, 700000, NULL, 3),
(19, NULL, 1, 2019, NULL, NULL, 'belum bayar', 1, 700000, NULL, 3),
(20, NULL, 2, 2019, NULL, NULL, 'belum bayar', 1, 700000, NULL, 3),
(21, NULL, 3, 2019, NULL, NULL, 'belum bayar', 1, 700000, NULL, 3),
(22, NULL, 4, 2019, NULL, NULL, 'belum bayar', 1, 700000, NULL, 3),
(23, NULL, 5, 2019, NULL, NULL, 'belum bayar', 1, 700000, NULL, 3),
(24, NULL, 6, 2019, NULL, NULL, 'belum bayar', 1, 700000, NULL, 3),
(25, NULL, 7, 2018, '2018-11-21 05:08:13', '2019013005072734', 'sudah bayar', 1, 650000, 650000, 6),
(26, NULL, 8, 2018, '2018-11-21 05:08:30', '2019013005081640', 'sudah bayar', 1, 650000, 650000, 6),
(27, NULL, 9, 2018, '2018-11-21 05:08:44', '2019013005083297', 'sudah bayar', 1, 650000, 650000, 6),
(28, NULL, 10, 2018, '2018-11-21 05:09:08', '2019013005085684', 'sudah bayar', 1, 650000, 650000, 6),
(29, NULL, 11, 2018, '2019-02-25 02:16:36', '2019022602161885', 'sudah bayar', 1, 650000, 650000, 6),
(30, NULL, 12, 2018, '2019-02-25 02:16:48', '2019022602163934', 'sudah bayar', 1, 650000, 650000, 6),
(31, NULL, 1, 2019, NULL, NULL, 'belum bayar', 1, 650000, NULL, 6),
(32, NULL, 2, 2019, NULL, NULL, 'belum bayar', 1, 650000, NULL, 6),
(33, NULL, 3, 2019, NULL, NULL, 'belum bayar', 1, 650000, NULL, 6),
(34, NULL, 4, 2019, NULL, NULL, 'belum bayar', 1, 650000, NULL, 6),
(35, NULL, 5, 2019, NULL, NULL, 'belum bayar', 1, 650000, NULL, 6),
(36, NULL, 6, 2019, NULL, NULL, 'belum bayar', 1, 650000, NULL, 6),
(37, NULL, 7, 2018, '2018-07-09 05:11:21', '2019013005110813', 'sudah bayar', 1, 700000, 700000, 7),
(38, NULL, 8, 2018, '2018-08-20 05:11:43', '2019013005112493', 'sudah bayar', 1, 700000, 700000, 7),
(39, NULL, 9, 2018, '2018-09-20 05:12:04', '2019013005114512', 'sudah bayar', 1, 700000, 700000, 7),
(40, NULL, 10, 2018, '2018-10-22 05:12:27', '2019013005120868', 'sudah bayar', 1, 700000, 700000, 7),
(41, NULL, 11, 2018, '2018-11-16 05:13:07', '2019013005123818', 'sudah bayar', 1, 700000, 700000, 7),
(42, NULL, 12, 2018, '2018-12-15 05:14:17', '2019013005140431', 'sudah bayar', 1, 700000, 700000, 7),
(43, NULL, 1, 2019, '2019-02-20 03:00:34', '2019022002594362', 'sudah bayar', 1, 700000, 700000, 7),
(44, NULL, 2, 2019, '2019-02-20 03:00:42', '2019022003003767', 'sudah bayar', 1, 700000, 700000, 7),
(45, NULL, 3, 2019, NULL, NULL, 'belum bayar', 1, 700000, NULL, 7),
(46, NULL, 4, 2019, NULL, NULL, 'belum bayar', 1, 700000, NULL, 7),
(47, NULL, 5, 2019, NULL, NULL, 'belum bayar', 1, 700000, NULL, 7),
(48, NULL, 6, 2019, NULL, NULL, 'belum bayar', 1, 700000, NULL, 7),
(49, NULL, 7, 2018, '2018-07-09 05:15:32', '2019013005152089', 'sudah bayar', 1, 700000, 700000, 8),
(50, NULL, 8, 2018, '2018-08-11 05:15:56', '2019013005153687', 'sudah bayar', 1, 700000, 700000, 8),
(51, NULL, 9, 2018, '2018-09-08 05:16:17', '2019013005160037', 'sudah bayar', 1, 700000, 700000, 8),
(52, NULL, 10, 2018, '2018-10-11 05:17:00', '2019013005163840', 'sudah bayar', 1, 700000, 700000, 8),
(53, NULL, 11, 2018, '2018-11-16 05:17:23', '2019013005170371', 'sudah bayar', 1, 700000, 700000, 8),
(54, NULL, 12, 2018, '2019-01-07 05:19:18', '2019013005190995', 'sudah bayar', 1, 700000, 700000, 8),
(55, NULL, 1, 2019, '2019-02-22 02:47:44', '2019022202465740', 'sudah bayar', 1, 700000, 700000, 8),
(56, NULL, 2, 2019, '2019-02-22 02:47:53', '2019022202474723', 'sudah bayar', 1, 700000, 700000, 8),
(57, NULL, 3, 2019, NULL, NULL, 'belum bayar', 1, 700000, NULL, 8),
(58, NULL, 4, 2019, NULL, NULL, 'belum bayar', 1, 700000, NULL, 8),
(59, NULL, 5, 2019, NULL, NULL, 'belum bayar', 1, 700000, NULL, 8),
(60, NULL, 6, 2019, NULL, NULL, 'belum bayar', 1, 700000, NULL, 8),
(61, NULL, 7, 2018, '2018-08-20 05:20:03', '2019013005195021', 'sudah bayar', 1, 500000, 500000, 9),
(62, NULL, 8, 2018, '2018-09-08 05:20:27', '2019013005200617', 'sudah bayar', 1, 500000, 500000, 9),
(63, NULL, 9, 2018, '2018-11-12 05:20:48', '2019013005203185', 'sudah bayar', 1, 500000, 500000, 9),
(64, NULL, 10, 2018, '2018-11-12 05:21:09', '2019013005205132', 'sudah bayar', 1, 500000, 500000, 9),
(65, NULL, 11, 2018, '2018-12-15 05:23:10', '2019013005225979', 'sudah bayar', 1, 500000, 500000, 9),
(66, NULL, 12, 2018, NULL, NULL, 'belum bayar', 1, 500000, NULL, 9),
(67, NULL, 1, 2019, NULL, NULL, 'belum bayar', 1, 500000, NULL, 9),
(68, NULL, 2, 2019, NULL, NULL, 'belum bayar', 1, 500000, NULL, 9),
(69, NULL, 3, 2019, NULL, NULL, 'belum bayar', 1, 500000, NULL, 9),
(70, NULL, 4, 2019, NULL, NULL, 'belum bayar', 1, 500000, NULL, 9),
(71, NULL, 5, 2019, NULL, NULL, 'belum bayar', 1, 500000, NULL, 9),
(72, NULL, 6, 2019, NULL, NULL, 'belum bayar', 1, 500000, NULL, 9),
(73, NULL, 7, 2018, '2018-08-28 05:23:53', '2019013005233579', 'sudah bayar', 1, 800000, 800000, 10),
(74, NULL, 8, 2018, '2018-09-08 05:24:15', '2019013005235557', 'sudah bayar', 1, 800000, 800000, 10),
(75, NULL, 9, 2018, '2018-10-22 05:24:35', '2019013005241892', 'sudah bayar', 1, 800000, 800000, 10),
(76, NULL, 10, 2018, '2018-11-12 05:24:56', '2019013005243813', 'sudah bayar', 1, 800000, 800000, 10),
(77, NULL, 11, 2018, '2018-11-17 05:25:18', '2019013005245997', 'sudah bayar', 1, 800000, 800000, 10),
(78, NULL, 12, 2018, '2019-01-02 01:43:27', '2019021801430494', 'sudah bayar', 1, 800000, 800000, 10),
(79, NULL, 1, 2019, '2019-01-02 01:43:48', '2019021801433027', 'sudah bayar', 1, 800000, 800000, 10),
(80, NULL, 2, 2019, '2019-02-11 01:44:20', '2019021801441166', 'sudah bayar', 1, 800000, 800000, 10),
(81, NULL, 3, 2019, NULL, NULL, 'belum bayar', 1, 800000, NULL, 10),
(82, NULL, 4, 2019, NULL, NULL, 'belum bayar', 1, 800000, NULL, 10),
(83, NULL, 5, 2019, NULL, NULL, 'belum bayar', 1, 800000, NULL, 10),
(84, NULL, 6, 2019, NULL, NULL, 'belum bayar', 1, 800000, NULL, 10),
(85, NULL, 7, 2018, '2018-07-16 05:27:01', '2019013005264989', 'sudah bayar', 1, 650000, 650000, 11),
(86, NULL, 8, 2018, '2018-08-11 05:27:21', '2019013005270549', 'sudah bayar', 1, 650000, 650000, 11),
(87, NULL, 9, 2018, '2018-09-22 05:27:45', '2019013005272827', 'sudah bayar', 1, 650000, 650000, 11),
(88, NULL, 10, 2018, '2018-11-22 05:28:10', '2019013005275085', 'sudah bayar', 1, 650000, 650000, 11),
(89, NULL, 11, 2018, '2018-11-22 05:28:27', '2019013005281325', 'sudah bayar', 1, 650000, 650000, 11),
(90, NULL, 12, 2018, '2019-03-02 04:37:13', '2019030204362157', 'sudah bayar', 1, 650000, 650000, 11),
(91, NULL, 1, 2019, '2019-03-02 04:37:22', '2019030204371684', 'sudah bayar', 1, 650000, 650000, 11),
(92, NULL, 2, 2019, NULL, NULL, 'belum bayar', 1, 650000, NULL, 11),
(93, NULL, 3, 2019, NULL, NULL, 'belum bayar', 1, 650000, NULL, 11),
(94, NULL, 4, 2019, NULL, NULL, 'belum bayar', 1, 650000, NULL, 11),
(95, NULL, 5, 2019, NULL, NULL, 'belum bayar', 1, 650000, NULL, 11),
(96, NULL, 6, 2019, NULL, NULL, 'belum bayar', 1, 650000, NULL, 11),
(97, NULL, 7, 2018, '2018-07-16 05:29:31', '2019013005291369', 'sudah bayar', 1, 650000, 650000, 12),
(98, NULL, 8, 2018, '2018-08-15 05:29:51', '2019013005293434', 'sudah bayar', 1, 650000, 650000, 12),
(99, NULL, 9, 2018, '2018-09-19 05:30:10', '2019013005295378', 'sudah bayar', 1, 650000, 650000, 12),
(100, NULL, 10, 2018, '2018-10-15 05:30:27', '2019013005301331', 'sudah bayar', 1, 650000, 650000, 12),
(101, NULL, 11, 2018, '2018-11-19 05:30:49', '2019013005303262', 'sudah bayar', 1, 650000, 650000, 12),
(102, NULL, 12, 2018, '2018-12-15 05:31:12', '2019013005305355', 'sudah bayar', 1, 650000, 650000, 12),
(103, NULL, 1, 2019, '2019-01-14 05:31:37', '2019013005311412', 'sudah bayar', 1, 650000, 650000, 12),
(104, NULL, 2, 2019, '2019-02-20 02:56:14', '2019022002554461', 'sudah bayar', 1, 650000, 650000, 12),
(105, NULL, 3, 2019, NULL, NULL, 'belum bayar', 1, 650000, NULL, 12),
(106, NULL, 4, 2019, NULL, NULL, 'belum bayar', 1, 650000, NULL, 12),
(107, NULL, 5, 2019, NULL, NULL, 'belum bayar', 1, 650000, NULL, 12),
(108, NULL, 6, 2019, NULL, NULL, 'belum bayar', 1, 650000, NULL, 12),
(109, NULL, 7, 2018, '2018-08-25 05:32:19', '2019013005320679', 'sudah bayar', 1, 650000, 650000, 13),
(110, NULL, 8, 2018, '2018-08-25 05:32:40', '2019013005322249', 'sudah bayar', 1, 650000, 650000, 13),
(111, NULL, 9, 2018, '2018-09-12 05:33:00', '2019013005324278', 'sudah bayar', 1, 650000, 650000, 13),
(112, NULL, 10, 2018, '2018-10-22 05:33:18', '2019013005330278', 'sudah bayar', 1, 650000, 650000, 13),
(113, NULL, 11, 2018, '2018-11-16 05:33:41', '2019013005332193', 'sudah bayar', 1, 650000, 650000, 13),
(114, NULL, 12, 2018, '2018-12-15 05:34:02', '2019013005334429', 'sudah bayar', 1, 650000, 650000, 13),
(115, NULL, 1, 2019, '2019-01-21 05:34:30', '2019013005340514', 'sudah bayar', 1, 650000, 650000, 13),
(116, NULL, 2, 2019, '2019-02-06 02:59:24', '2019020602583571', 'sudah bayar', 1, 650000, 650000, 13),
(117, NULL, 3, 2019, NULL, NULL, 'belum bayar', 1, 650000, NULL, 13),
(118, NULL, 4, 2019, NULL, NULL, 'belum bayar', 1, 650000, NULL, 13),
(119, NULL, 5, 2019, NULL, NULL, 'belum bayar', 1, 650000, NULL, 13),
(120, NULL, 6, 2019, NULL, NULL, 'belum bayar', 1, 650000, NULL, 13),
(121, NULL, 7, 2018, '2018-08-10 05:35:04', '2019013005344960', 'sudah bayar', 1, 650000, 650000, 14),
(122, NULL, 8, 2018, '2018-08-10 05:35:27', '2019013005350775', 'sudah bayar', 1, 650000, 650000, 14),
(123, NULL, 9, 2018, '2018-09-24 05:35:44', '2019013005353051', 'sudah bayar', 1, 650000, 650000, 14),
(124, NULL, 10, 2018, '2018-09-24 05:35:59', '2019013005354728', 'sudah bayar', 1, 650000, 650000, 14),
(125, NULL, 11, 2018, '2018-11-17 05:36:28', '2019013005361350', 'sudah bayar', 1, 650000, 650000, 14),
(126, NULL, 12, 2018, '2018-12-08 05:36:48', '2019013005363153', 'sudah bayar', 1, 650000, 650000, 14),
(127, NULL, 1, 2019, '2019-02-04 04:28:38', '2019020404282181', 'sudah bayar', 1, 650000, 650000, 14),
(128, NULL, 2, 2019, '2019-02-22 07:17:37', '2019022207164550', 'sudah bayar', 1, 650000, 650000, 14),
(129, NULL, 3, 2019, NULL, NULL, 'belum bayar', 1, 650000, NULL, 14),
(130, NULL, 4, 2019, NULL, NULL, 'belum bayar', 1, 650000, NULL, 14),
(131, NULL, 5, 2019, NULL, NULL, 'belum bayar', 1, 650000, NULL, 14),
(132, NULL, 6, 2019, NULL, NULL, 'belum bayar', 1, 650000, NULL, 14),
(133, NULL, 7, 2018, '2018-06-25 05:38:14', '2019013005374929', 'sudah bayar', 1, 650000, 650000, 16),
(134, NULL, 8, 2018, '2018-08-23 05:38:35', '2019013005381642', 'sudah bayar', 1, 650000, 650000, 16),
(135, NULL, 9, 2018, '2018-08-23 05:38:55', '2019013005383812', 'sudah bayar', 1, 650000, 650000, 16),
(136, NULL, 10, 2018, '2018-08-23 05:39:23', '2019013005385832', 'sudah bayar', 1, 650000, 650000, 16),
(137, NULL, 11, 2018, '2018-08-23 05:40:05', '2019013005392651', 'sudah bayar', 1, 650000, 650000, 16),
(138, NULL, 12, 2018, '2018-08-23 05:40:26', '2019013005401522', 'sudah bayar', 1, 650000, 650000, 16),
(139, NULL, 1, 2019, NULL, NULL, 'belum bayar', 1, 650000, NULL, 16),
(140, NULL, 2, 2019, NULL, NULL, 'belum bayar', 1, 650000, NULL, 16),
(141, NULL, 3, 2019, NULL, NULL, 'belum bayar', 1, 650000, NULL, 16),
(142, NULL, 4, 2019, NULL, NULL, 'belum bayar', 1, 650000, NULL, 16),
(143, NULL, 5, 2019, NULL, NULL, 'belum bayar', 1, 650000, NULL, 16),
(144, NULL, 6, 2019, NULL, NULL, 'belum bayar', 1, 650000, NULL, 16),
(145, NULL, 7, 2018, '2018-06-25 05:41:20', '2019013005410076', 'sudah bayar', 1, 650000, 650000, 17),
(146, NULL, 8, 2018, '2018-08-23 05:41:47', '2019013005412285', 'sudah bayar', 1, 650000, 650000, 17),
(147, NULL, 9, 2018, '2018-08-23 05:42:00', '2019013005415091', 'sudah bayar', 1, 650000, 650000, 17),
(148, NULL, 10, 2018, '2018-08-23 05:42:12', '2019013005420323', 'sudah bayar', 1, 650000, 650000, 17),
(149, NULL, 11, 2018, '2018-08-23 05:42:31', '2019013005422175', 'sudah bayar', 1, 650000, 650000, 17),
(150, NULL, 12, 2018, '2018-08-23 05:42:52', '2019013005424014', 'sudah bayar', 1, 650000, 650000, 17),
(151, NULL, 1, 2019, NULL, NULL, 'belum bayar', 1, 650000, NULL, 17),
(152, NULL, 2, 2019, NULL, NULL, 'belum bayar', 1, 650000, NULL, 17),
(153, NULL, 3, 2019, NULL, NULL, 'belum bayar', 1, 650000, NULL, 17),
(154, NULL, 4, 2019, NULL, NULL, 'belum bayar', 1, 650000, NULL, 17),
(155, NULL, 5, 2019, NULL, NULL, 'belum bayar', 1, 650000, NULL, 17),
(156, NULL, 6, 2019, NULL, NULL, 'belum bayar', 1, 650000, NULL, 17),
(157, NULL, 7, 2018, '2018-07-23 05:43:27', '2019013005431646', 'sudah bayar', 1, 650000, 650000, 18),
(158, NULL, 8, 2018, '2018-11-22 05:43:50', '2019013005432996', 'sudah bayar', 1, 650000, 650000, 18),
(159, NULL, 9, 2018, '2018-11-22 05:44:11', '2019013005435413', 'sudah bayar', 1, 650000, 650000, 18),
(160, NULL, 10, 2018, NULL, NULL, 'belum bayar', 1, 650000, NULL, 18),
(161, NULL, 11, 2018, NULL, NULL, 'belum bayar', 1, 650000, NULL, 18),
(162, NULL, 12, 2018, NULL, NULL, 'belum bayar', 1, 650000, NULL, 18),
(163, NULL, 1, 2019, NULL, NULL, 'belum bayar', 1, 650000, NULL, 18),
(164, NULL, 2, 2019, NULL, NULL, 'belum bayar', 1, 650000, NULL, 18),
(165, NULL, 3, 2019, NULL, NULL, 'belum bayar', 1, 650000, NULL, 18),
(166, NULL, 4, 2019, NULL, NULL, 'belum bayar', 1, 650000, NULL, 18),
(167, NULL, 5, 2019, NULL, NULL, 'belum bayar', 1, 650000, NULL, 18),
(168, NULL, 6, 2019, NULL, NULL, 'belum bayar', 1, 650000, NULL, 18),
(169, NULL, 7, 2018, '2018-05-29 05:45:24', '2019013005451126', 'sudah bayar', 1, 650000, 650000, 19),
(170, NULL, 8, 2018, '2018-10-04 05:45:57', '2019013005452878', 'sudah bayar', 1, 650000, 650000, 19),
(171, NULL, 9, 2018, '2018-10-04 05:46:15', '2019013005460126', 'sudah bayar', 1, 650000, 650000, 19),
(172, NULL, 10, 2018, '2018-11-20 05:46:32', '2019013005461746', 'sudah bayar', 1, 650000, 650000, 19),
(173, NULL, 11, 2018, '2018-11-20 05:46:49', '2019013005463649', 'sudah bayar', 1, 650000, 650000, 19),
(174, NULL, 12, 2018, '2018-12-13 05:47:10', '2019013005465225', 'sudah bayar', 1, 650000, 650000, 19),
(175, NULL, 1, 2019, '2019-01-19 05:47:47', '2019013005473870', 'sudah bayar', 1, 650000, 650000, 19),
(176, NULL, 2, 2019, '2019-02-28 05:05:50', '2019022805045419', 'sudah bayar', 1, 650000, 650000, 19),
(177, NULL, 3, 2019, NULL, NULL, 'belum bayar', 1, 650000, NULL, 19),
(178, NULL, 4, 2019, NULL, NULL, 'belum bayar', 1, 650000, NULL, 19),
(179, NULL, 5, 2019, NULL, NULL, 'belum bayar', 1, 650000, NULL, 19),
(180, NULL, 6, 2019, NULL, NULL, 'belum bayar', 1, 650000, NULL, 19),
(181, NULL, 7, 2018, '2018-07-09 05:48:22', '2019013005480860', 'sudah bayar', 1, 650000, 650000, 20),
(182, NULL, 8, 2018, '2018-08-28 05:48:40', '2019013005482480', 'sudah bayar', 1, 650000, 650000, 20),
(183, NULL, 9, 2018, '2018-09-17 05:48:59', '2019013005484498', 'sudah bayar', 1, 650000, 650000, 20),
(184, NULL, 10, 2018, '2018-10-22 05:49:19', '2019013005490212', 'sudah bayar', 1, 650000, 650000, 20),
(185, NULL, 11, 2018, '2018-11-12 05:49:37', '2019013005492165', 'sudah bayar', 1, 650000, 650000, 20),
(186, NULL, 12, 2018, '2018-12-15 05:49:57', '2019013005494052', 'sudah bayar', 1, 650000, 650000, 20),
(187, NULL, 1, 2019, '2019-02-04 04:40:12', '2019020404400241', 'sudah bayar', 1, 650000, 650000, 20),
(188, NULL, 2, 2019, '2019-02-18 01:39:06', '2019021801383639', 'sudah bayar', 1, 650000, 650000, 20),
(189, NULL, 3, 2019, NULL, NULL, 'belum bayar', 1, 650000, NULL, 20),
(190, NULL, 4, 2019, NULL, NULL, 'belum bayar', 1, 650000, NULL, 20),
(191, NULL, 5, 2019, NULL, NULL, 'belum bayar', 1, 650000, NULL, 20),
(192, NULL, 6, 2019, NULL, NULL, 'belum bayar', 1, 650000, NULL, 20),
(193, NULL, 7, 2018, '2018-07-09 05:51:50', '2019013005505218', 'sudah bayar', 1, 650000, 650000, 21),
(194, NULL, 8, 2018, '2018-07-09 05:52:11', '2019013005515355', 'sudah bayar', 1, 650000, 650000, 21),
(195, NULL, 9, 2018, '2018-06-05 05:52:41', '2019013005521334', 'sudah bayar', 1, 650000, 650000, 21),
(196, NULL, 10, 2018, '2018-09-24 05:52:59', '2019013005524443', 'sudah bayar', 1, 650000, 650000, 21),
(197, NULL, 11, 2018, '2018-09-24 05:53:16', '2019013005530198', 'sudah bayar', 1, 650000, 650000, 21),
(198, NULL, 12, 2018, '2018-09-24 05:53:34', '2019013005531992', 'sudah bayar', 1, 650000, 650000, 21),
(199, NULL, 1, 2019, '2019-02-05 02:45:08', '2019020502445797', 'sudah bayar', 1, 650000, 650000, 21),
(200, NULL, 2, 2019, '2019-02-05 02:45:16', '2019020502451161', 'sudah bayar', 1, 650000, 650000, 21),
(201, NULL, 3, 2019, '2019-02-05 02:45:23', '2019020502451862', 'sudah bayar', 1, 650000, 650000, 21),
(202, NULL, 4, 2019, '2019-02-05 02:45:31', '2019020502452662', 'sudah bayar', 1, 650000, 650000, 21),
(203, NULL, 5, 2019, '2019-02-05 02:45:37', '2019020502453397', 'sudah bayar', 1, 650000, 650000, 21),
(204, NULL, 6, 2019, '2019-02-05 02:45:44', '2019020502454051', 'sudah bayar', 1, 650000, 650000, 21),
(205, NULL, 7, 2018, '2018-07-09 05:54:27', '2019013005540878', 'sudah bayar', 1, 650000, 650000, 22),
(206, NULL, 8, 2018, '2018-07-09 05:54:40', '2019013005543039', 'sudah bayar', 1, 650000, 650000, 22),
(207, NULL, 9, 2018, '2018-08-24 05:55:01', '2019013005544325', 'sudah bayar', 1, 650000, 650000, 22),
(208, NULL, 10, 2018, '2018-11-21 05:55:23', '2019013005550342', 'sudah bayar', 1, 650000, 650000, 22),
(209, NULL, 11, 2018, '2018-11-21 05:55:42', '2019013005552514', 'sudah bayar', 1, 650000, 650000, 22),
(210, NULL, 12, 2018, '2018-11-21 05:56:01', '2019013005554460', 'sudah bayar', 1, 650000, 650000, 22),
(211, NULL, 1, 2019, '2019-02-20 02:55:05', '2019022002535739', 'sudah bayar', 1, 650000, 650000, 22),
(212, NULL, 2, 2019, '2019-02-20 02:55:13', '2019022002550766', 'sudah bayar', 1, 650000, 650000, 22),
(213, NULL, 3, 2019, NULL, NULL, 'belum bayar', 1, 650000, NULL, 22),
(214, NULL, 4, 2019, NULL, NULL, 'belum bayar', 1, 650000, NULL, 22),
(215, NULL, 5, 2019, NULL, NULL, 'belum bayar', 1, 650000, NULL, 22),
(216, NULL, 6, 2019, NULL, NULL, 'belum bayar', 1, 650000, NULL, 22),
(217, NULL, 7, 2018, '2018-09-13 05:57:04', '2019013005564283', 'sudah bayar', 1, 700000, 700000, 24),
(218, NULL, 8, 2018, '2018-09-13 05:57:21', '2019013005570925', 'sudah bayar', 1, 700000, 700000, 24),
(219, NULL, 9, 2018, '2018-09-25 05:57:39', '2019013005572465', 'sudah bayar', 1, 700000, 700000, 24),
(220, NULL, 10, 2018, '2018-10-22 05:58:01', '2019013005574288', 'sudah bayar', 1, 700000, 700000, 24),
(221, NULL, 11, 2018, '2018-11-22 05:58:22', '2019013005580481', 'sudah bayar', 1, 700000, 700000, 24),
(222, NULL, 12, 2018, '2019-01-22 05:58:58', '2019013005582570', 'sudah bayar', 1, 700000, 700000, 24),
(223, NULL, 1, 2019, NULL, NULL, 'belum bayar', 1, 700000, NULL, 24),
(224, NULL, 2, 2019, NULL, NULL, 'belum bayar', 1, 700000, NULL, 24),
(225, NULL, 3, 2019, NULL, NULL, 'belum bayar', 1, 700000, NULL, 24),
(226, NULL, 4, 2019, NULL, NULL, 'belum bayar', 1, 700000, NULL, 24),
(227, NULL, 5, 2019, NULL, NULL, 'belum bayar', 1, 700000, NULL, 24),
(228, NULL, 6, 2019, NULL, NULL, 'belum bayar', 1, 700000, NULL, 24),
(229, NULL, 7, 2018, '2018-08-09 06:00:11', '2019013005595255', 'sudah bayar', 1, 700000, 700000, 25),
(230, NULL, 8, 2018, '2018-09-13 06:00:28', '2019013006001365', 'sudah bayar', 1, 700000, 700000, 25),
(231, NULL, 9, 2018, '2018-09-13 06:00:48', '2019013006003131', 'sudah bayar', 1, 700000, 700000, 25),
(232, NULL, 10, 2018, '2018-10-22 06:01:11', '2019013006005243', 'sudah bayar', 1, 700000, 700000, 25),
(233, NULL, 11, 2018, '2018-11-17 06:01:30', '2019013006011464', 'sudah bayar', 1, 700000, 700000, 25),
(234, NULL, 12, 2018, '2018-12-15 06:01:52', '2019013006013412', 'sudah bayar', 1, 700000, 700000, 25),
(235, NULL, 1, 2019, '2019-01-02 06:02:19', '2019013006021088', 'sudah bayar', 1, 700000, 700000, 25),
(236, NULL, 2, 2019, '2019-02-04 04:36:20', '2019020404361288', 'sudah bayar', 1, 700000, 700000, 25),
(237, NULL, 3, 2019, NULL, NULL, 'belum bayar', 1, 700000, NULL, 25),
(238, NULL, 4, 2019, NULL, NULL, 'belum bayar', 1, 700000, NULL, 25),
(239, NULL, 5, 2019, NULL, NULL, 'belum bayar', 1, 700000, NULL, 25),
(240, NULL, 6, 2019, NULL, NULL, 'belum bayar', 1, 700000, NULL, 25),
(241, NULL, 7, 2018, '2018-07-09 03:52:14', '2019020403520257', 'sudah bayar', 1, 700000, 700000, 26),
(242, NULL, 8, 2018, '2018-10-11 03:52:35', '2019020403521773', 'sudah bayar', 1, 700000, 700000, 26),
(243, NULL, 9, 2018, '2018-10-11 03:52:49', '2019020403523979', 'sudah bayar', 1, 700000, 700000, 26),
(244, NULL, 10, 2018, NULL, NULL, 'belum bayar', 1, 700000, NULL, 26),
(245, NULL, 11, 2018, NULL, NULL, 'belum bayar', 1, 700000, NULL, 26),
(246, NULL, 12, 2018, NULL, NULL, 'belum bayar', 1, 700000, NULL, 26),
(247, NULL, 1, 2019, NULL, NULL, 'belum bayar', 1, 700000, NULL, 26),
(248, NULL, 2, 2019, NULL, NULL, 'belum bayar', 1, 700000, NULL, 26),
(249, NULL, 3, 2019, NULL, NULL, 'belum bayar', 1, 700000, NULL, 26),
(250, NULL, 4, 2019, NULL, NULL, 'belum bayar', 1, 700000, NULL, 26),
(251, NULL, 5, 2019, NULL, NULL, 'belum bayar', 1, 700000, NULL, 26),
(252, NULL, 6, 2019, NULL, NULL, 'belum bayar', 1, 700000, NULL, 26),
(253, NULL, 7, 2018, '2018-07-09 03:53:36', '2019020403531862', 'sudah bayar', 1, 700000, 700000, 27),
(254, NULL, 8, 2018, '2018-08-25 03:53:56', '2019020403533967', 'sudah bayar', 1, 700000, 700000, 27),
(255, NULL, 9, 2018, '2018-09-12 03:54:15', '2019020403535946', 'sudah bayar', 1, 700000, 700000, 27),
(256, NULL, 10, 2018, '2018-10-22 03:55:17', '2019020403550253', 'sudah bayar', 1, 700000, 700000, 27),
(257, NULL, 11, 2018, '2018-11-05 03:55:35', '2019020403552045', 'sudah bayar', 1, 700000, 700000, 27),
(258, NULL, 12, 2018, '2018-12-08 04:01:27', '2019020404005730', 'sudah bayar', 1, 700000, 700000, 27),
(259, NULL, 1, 2019, '2018-12-08 04:01:50', '2019020404013176', 'sudah bayar', 1, 700000, 700000, 27),
(260, NULL, 2, 2019, '2019-02-20 02:51:25', '2019022002511145', 'sudah bayar', 1, 700000, 700000, 27),
(261, NULL, 3, 2019, NULL, NULL, 'belum bayar', 1, 700000, NULL, 27),
(262, NULL, 4, 2019, NULL, NULL, 'belum bayar', 1, 700000, NULL, 27),
(263, NULL, 5, 2019, NULL, NULL, 'belum bayar', 1, 700000, NULL, 27),
(264, NULL, 6, 2019, NULL, NULL, 'belum bayar', 1, 700000, NULL, 27),
(265, NULL, 7, 2018, '2018-08-03 03:57:10', '2019020403564635', 'sudah bayar', 1, 650000, 650000, 28),
(266, NULL, 8, 2018, '2018-09-03 03:57:33', '2019020403571232', 'sudah bayar', 1, 650000, 650000, 28),
(267, NULL, 9, 2018, '2018-09-28 03:57:55', '2019020403573628', 'sudah bayar', 1, 650000, 650000, 28),
(268, NULL, 10, 2018, '2018-11-12 03:58:15', '2019020403575822', 'sudah bayar', 1, 650000, 650000, 28),
(269, NULL, 11, 2018, '2018-11-12 03:58:35', '2019020403581870', 'sudah bayar', 1, 650000, 650000, 28),
(270, NULL, 12, 2018, '2018-12-15 04:00:15', '2019020403595992', 'sudah bayar', 1, 650000, 650000, 28),
(271, NULL, 1, 2019, NULL, NULL, 'belum bayar', 1, 650000, NULL, 28),
(272, NULL, 2, 2019, NULL, NULL, 'belum bayar', 1, 650000, NULL, 28),
(273, NULL, 3, 2019, NULL, NULL, 'belum bayar', 1, 650000, NULL, 28),
(274, NULL, 4, 2019, NULL, NULL, 'belum bayar', 1, 650000, NULL, 28),
(275, NULL, 5, 2019, NULL, NULL, 'belum bayar', 1, 650000, NULL, 28),
(276, NULL, 6, 2019, NULL, NULL, 'belum bayar', 1, 650000, NULL, 28),
(277, NULL, 7, 2018, '2018-08-29 04:02:45', '2019020404022563', 'sudah bayar', 1, 700000, 700000, 29),
(278, NULL, 8, 2018, '2018-10-22 04:03:03', '2019020404024888', 'sudah bayar', 1, 700000, 700000, 29),
(279, NULL, 9, 2018, '2018-10-22 04:03:22', '2019020404030582', 'sudah bayar', 1, 700000, 700000, 29),
(280, NULL, 10, 2018, '2018-10-22 04:03:45', '2019020404032554', 'sudah bayar', 1, 700000, 700000, 29),
(281, NULL, 11, 2018, '2018-11-05 04:04:09', '2019020404035289', 'sudah bayar', 1, 700000, 700000, 29),
(282, NULL, 12, 2018, '2018-12-03 04:04:27', '2019020404041215', 'sudah bayar', 1, 700000, 700000, 29),
(283, NULL, 1, 2019, '2019-01-22 04:04:54', '2019020404043091', 'sudah bayar', 1, 700000, 700000, 29),
(284, NULL, 2, 2019, '2019-02-20 02:53:27', '2019022002524913', 'sudah bayar', 1, 700000, 700000, 29),
(285, NULL, 3, 2019, NULL, NULL, 'belum bayar', 1, 700000, NULL, 29),
(286, NULL, 4, 2019, NULL, NULL, 'belum bayar', 1, 700000, NULL, 29),
(287, NULL, 5, 2019, NULL, NULL, 'belum bayar', 1, 700000, NULL, 29),
(288, NULL, 6, 2019, NULL, NULL, 'belum bayar', 1, 700000, NULL, 29),
(289, NULL, 7, 2018, '2018-05-22 04:05:48', '2019020404051663', 'sudah bayar', 1, 650000, 650000, 30),
(290, NULL, 8, 2018, '2018-05-22 04:06:06', '2019020404055085', 'sudah bayar', 1, 650000, 650000, 30),
(291, NULL, 9, 2018, '2018-09-12 04:06:28', '2019020404061181', 'sudah bayar', 1, 650000, 650000, 30),
(292, NULL, 10, 2018, '2018-10-11 04:06:46', '2019020404063199', 'sudah bayar', 1, 650000, 650000, 30),
(293, NULL, 11, 2018, '2018-10-11 04:07:06', '2019020404064831', 'sudah bayar', 1, 650000, 650000, 30),
(294, NULL, 12, 2018, '2018-10-11 04:07:27', '2019020404070964', 'sudah bayar', 1, 650000, 650000, 30),
(295, NULL, 1, 2019, '2018-11-21 04:07:55', '2019020404072966', 'sudah bayar', 1, 650000, 650000, 30),
(296, NULL, 2, 2019, '2018-11-21 04:08:10', '2019020404080088', 'sudah bayar', 1, 650000, 650000, 30),
(297, NULL, 3, 2019, '2018-11-21 04:08:23', '2019020404081244', 'sudah bayar', 1, 650000, 650000, 30),
(298, NULL, 4, 2019, '2018-11-21 04:08:39', '2019020404082643', 'sudah bayar', 1, 650000, 650000, 30),
(299, NULL, 5, 2019, '2018-11-21 04:08:51', '2019020404084263', 'sudah bayar', 1, 650000, 650000, 30),
(300, NULL, 6, 2019, '2018-11-21 04:09:10', '2019020404085568', 'sudah bayar', 1, 650000, 650000, 30),
(301, NULL, 7, 2018, '2018-07-09 04:09:56', '2019020404093346', 'sudah bayar', 1, 750000, 750000, 31),
(302, NULL, 8, 2018, '2018-07-09 04:10:17', '2019020404095875', 'sudah bayar', 1, 750000, 750000, 31),
(303, NULL, 9, 2018, '2018-07-09 04:10:37', '2019020404102179', 'sudah bayar', 1, 750000, 750000, 31),
(304, NULL, 10, 2018, '2018-09-11 04:10:56', '2019020404104051', 'sudah bayar', 1, 750000, 750000, 31),
(305, NULL, 11, 2018, '2018-09-11 04:11:15', '2019020404105936', 'sudah bayar', 1, 750000, 750000, 31),
(306, NULL, 12, 2018, '2018-09-11 04:11:38', '2019020404111926', 'sudah bayar', 1, 750000, 750000, 31),
(307, NULL, 1, 2019, '2019-01-02 04:13:44', '2019020404114261', 'sudah bayar', 1, 750000, 750000, 31),
(308, NULL, 2, 2019, '2019-01-02 04:13:56', '2019020404134668', 'sudah bayar', 1, 750000, 750000, 31),
(309, NULL, 3, 2019, '2019-02-20 02:57:29', '2019022002564689', 'sudah bayar', 1, 750000, 750000, 31),
(310, NULL, 4, 2019, NULL, NULL, 'belum bayar', 1, 750000, NULL, 31),
(311, NULL, 5, 2019, NULL, NULL, 'belum bayar', 1, 750000, NULL, 31),
(312, NULL, 6, 2019, NULL, NULL, 'belum bayar', 1, 750000, NULL, 31),
(313, NULL, 7, 2018, '2018-07-09 04:14:25', '2019020404141511', 'sudah bayar', 1, 650000, 650000, 32),
(314, NULL, 8, 2018, '2018-10-16 04:14:47', '2019020404143662', 'sudah bayar', 1, 650000, 650000, 32),
(315, NULL, 9, 2018, '2018-10-16 04:15:07', '2019020404145268', 'sudah bayar', 1, 650000, 650000, 32),
(316, NULL, 10, 2018, '2018-10-16 04:16:36', '2019020404162164', 'sudah bayar', 1, 650000, 650000, 32),
(317, NULL, 11, 2018, '2018-10-16 04:16:58', '2019020404163876', 'sudah bayar', 1, 650000, 650000, 32),
(318, NULL, 12, 2018, NULL, NULL, 'belum bayar', 1, 650000, NULL, 32),
(319, NULL, 1, 2019, NULL, NULL, 'belum bayar', 1, 650000, NULL, 32),
(320, NULL, 2, 2019, NULL, NULL, 'belum bayar', 1, 650000, NULL, 32),
(321, NULL, 3, 2019, NULL, NULL, 'belum bayar', 1, 650000, NULL, 32),
(322, NULL, 4, 2019, NULL, NULL, 'belum bayar', 1, 650000, NULL, 32),
(323, NULL, 5, 2019, NULL, NULL, 'belum bayar', 1, 650000, NULL, 32),
(324, NULL, 6, 2019, NULL, NULL, 'belum bayar', 1, 650000, NULL, 32),
(325, NULL, 7, 2018, '2018-07-09 04:18:45', '2019020404182331', 'sudah bayar', 1, 650000, 650000, 33),
(326, NULL, 8, 2018, '2018-08-20 04:19:03', '2019020404184813', 'sudah bayar', 1, 650000, 650000, 33),
(327, NULL, 9, 2018, '2018-09-11 04:19:20', '2019020404190527', 'sudah bayar', 1, 650000, 650000, 33),
(328, NULL, 10, 2018, '2018-10-22 04:19:41', '2019020404192365', 'sudah bayar', 1, 650000, 650000, 33),
(329, NULL, 11, 2018, '2018-11-22 04:20:01', '2019020404194457', 'sudah bayar', 1, 650000, 650000, 33),
(330, NULL, 12, 2018, '2019-01-02 04:22:26', '2019020404221761', 'sudah bayar', 1, 650000, 650000, 33),
(331, NULL, 1, 2019, NULL, NULL, 'belum bayar', 1, 650000, NULL, 33),
(332, NULL, 2, 2019, NULL, NULL, 'belum bayar', 1, 650000, NULL, 33),
(333, NULL, 3, 2019, NULL, NULL, 'belum bayar', 1, 650000, NULL, 33),
(334, NULL, 4, 2019, NULL, NULL, 'belum bayar', 1, 650000, NULL, 33),
(335, NULL, 5, 2019, NULL, NULL, 'belum bayar', 1, 650000, NULL, 33),
(336, NULL, 6, 2019, NULL, NULL, 'belum bayar', 1, 650000, NULL, 33),
(337, NULL, 7, 2018, '2018-08-09 04:22:56', '2019020404224596', 'sudah bayar', 1, 700000, 700000, 34),
(338, NULL, 8, 2018, '2018-09-24 04:23:13', '2019020404225748', 'sudah bayar', 1, 700000, 700000, 34),
(339, NULL, 9, 2018, '2018-09-24 04:23:34', '2019020404231711', 'sudah bayar', 1, 700000, 700000, 34),
(340, NULL, 10, 2018, '2018-11-20 04:23:50', '2019020404233639', 'sudah bayar', 1, 700000, 700000, 34),
(341, NULL, 11, 2018, '2018-11-20 04:24:07', '2019020404235372', 'sudah bayar', 1, 700000, 700000, 34),
(342, NULL, 12, 2018, '2018-12-15 04:24:25', '2019020404241075', 'sudah bayar', 1, 700000, 700000, 34),
(343, NULL, 1, 2019, NULL, NULL, 'belum bayar', 1, 700000, NULL, 34),
(344, NULL, 2, 2019, NULL, NULL, 'belum bayar', 1, 700000, NULL, 34),
(345, NULL, 3, 2019, NULL, NULL, 'belum bayar', 1, 700000, NULL, 34),
(346, NULL, 4, 2019, NULL, NULL, 'belum bayar', 1, 700000, NULL, 34),
(347, NULL, 5, 2019, NULL, NULL, 'belum bayar', 1, 700000, NULL, 34),
(348, NULL, 6, 2019, NULL, NULL, 'belum bayar', 1, 700000, NULL, 34),
(349, NULL, 7, 2018, '2018-07-09 04:25:46', '2019020404253356', 'sudah bayar', 1, 650000, 650000, 35),
(350, NULL, 8, 2018, '2018-07-09 04:26:04', '2019020404254860', 'sudah bayar', 1, 650000, 650000, 35),
(351, NULL, 9, 2018, '2018-09-06 04:26:20', '2019020404260628', 'sudah bayar', 1, 650000, 650000, 35),
(352, NULL, 10, 2018, '2018-10-22 04:26:40', '2019020404262350', 'sudah bayar', 1, 650000, 650000, 35),
(353, NULL, 11, 2018, '2018-11-17 04:27:00', '2019020404264426', 'sudah bayar', 1, 650000, 650000, 35),
(354, NULL, 12, 2018, '2019-01-02 04:27:32', '2019020404272345', 'sudah bayar', 1, 650000, 650000, 35),
(355, NULL, 1, 2019, NULL, NULL, 'belum bayar', 1, 650000, NULL, 35),
(356, NULL, 2, 2019, NULL, NULL, 'belum bayar', 1, 650000, NULL, 35),
(357, NULL, 3, 2019, NULL, NULL, 'belum bayar', 1, 650000, NULL, 35),
(358, NULL, 4, 2019, NULL, NULL, 'belum bayar', 1, 650000, NULL, 35),
(359, NULL, 5, 2019, NULL, NULL, 'belum bayar', 1, 650000, NULL, 35),
(360, NULL, 6, 2019, NULL, NULL, 'belum bayar', 1, 650000, NULL, 35),
(361, NULL, 7, 2018, '2018-07-20 04:29:13', '2019020404285647', 'sudah bayar', 1, 650000, 650000, 36),
(362, NULL, 8, 2018, '2018-09-08 04:29:31', '2019020404291546', 'sudah bayar', 1, 650000, 650000, 36),
(363, NULL, 9, 2018, '2018-09-08 04:29:49', '2019020404293476', 'sudah bayar', 1, 650000, 650000, 36),
(364, NULL, 10, 2018, '2018-10-26 04:30:08', '2019020404295215', 'sudah bayar', 1, 650000, 650000, 36),
(365, NULL, 11, 2018, '2018-11-22 04:30:24', '2019020404301028', 'sudah bayar', 1, 650000, 650000, 36),
(366, NULL, 12, 2018, '2018-11-22 04:30:43', '2019020404302732', 'sudah bayar', 1, 650000, 650000, 36),
(367, NULL, 1, 2019, '2019-01-12 04:31:22', '2019020404304640', 'sudah bayar', 1, 650000, 650000, 36),
(368, NULL, 2, 2019, '2019-02-22 04:52:06', '2019022204512392', 'sudah bayar', 1, 650000, 650000, 36),
(369, NULL, 3, 2019, NULL, NULL, 'belum bayar', 1, 650000, NULL, 36),
(370, NULL, 4, 2019, NULL, NULL, 'belum bayar', 1, 650000, NULL, 36),
(371, NULL, 5, 2019, NULL, NULL, 'belum bayar', 1, 650000, NULL, 36),
(372, NULL, 6, 2019, NULL, NULL, 'belum bayar', 1, 650000, NULL, 36),
(373, NULL, 7, 2018, NULL, NULL, 'belum bayar', 1, 650000, NULL, 37),
(374, NULL, 8, 2018, NULL, NULL, 'belum bayar', 1, 650000, NULL, 37),
(375, NULL, 9, 2018, '2018-09-12 04:32:38', '2019020404322494', 'sudah bayar', 1, 650000, 650000, 37),
(376, NULL, 10, 2018, '2018-11-22 04:32:54', '2019020404324061', 'sudah bayar', 1, 650000, 650000, 37),
(377, NULL, 11, 2018, '2018-11-22 04:33:15', '2019020404325729', 'sudah bayar', 1, 650000, 650000, 37),
(378, NULL, 12, 2018, '2018-12-15 04:33:38', '2019020404332636', 'sudah bayar', 1, 650000, 650000, 37),
(379, NULL, 1, 2019, '2018-12-15 04:33:59', '2019020404334144', 'sudah bayar', 1, 650000, 650000, 37),
(380, NULL, 2, 2019, NULL, NULL, 'belum bayar', 1, 650000, NULL, 37),
(381, NULL, 3, 2019, NULL, NULL, 'belum bayar', 1, 650000, NULL, 37),
(382, NULL, 4, 2019, NULL, NULL, 'belum bayar', 1, 650000, NULL, 37),
(383, NULL, 5, 2019, NULL, NULL, 'belum bayar', 1, 650000, NULL, 37),
(384, NULL, 6, 2019, NULL, NULL, 'belum bayar', 1, 650000, NULL, 37),
(385, NULL, 7, 2018, '2018-08-08 04:46:16', '2019020404455541', 'sudah bayar', 3, 650000, 650000, 38),
(386, NULL, 8, 2018, '2018-08-28 04:46:33', '2019020404461856', 'sudah bayar', 3, 650000, 650000, 38),
(387, NULL, 9, 2018, '2018-11-05 04:46:52', '2019020404463660', 'sudah bayar', 3, 650000, 650000, 38),
(388, NULL, 10, 2018, '2018-11-05 04:47:08', '2019020404465472', 'sudah bayar', 3, 650000, 650000, 38),
(389, NULL, 11, 2018, '2018-11-15 04:47:33', '2019020404471122', 'sudah bayar', 3, 650000, 650000, 38),
(390, NULL, 12, 2018, '2019-01-14 06:15:52', '2019022106154079', 'sudah bayar', 3, 650000, 650000, 38),
(391, NULL, 1, 2019, '2019-02-04 06:16:06', '2019022106155542', 'sudah bayar', 3, 650000, 650000, 38),
(392, NULL, 2, 2019, '2019-02-21 06:17:00', '2019022106160970', 'sudah bayar', 3, 650000, 650000, 38),
(393, NULL, 3, 2019, NULL, NULL, 'belum bayar', 3, 650000, NULL, 38),
(394, NULL, 4, 2019, NULL, NULL, 'belum bayar', 3, 650000, NULL, 38),
(395, NULL, 7, 2018, '2018-07-09 04:48:37', '2019020404482697', 'sudah bayar', 3, 650000, 650000, 39),
(396, NULL, 8, 2018, '2018-09-08 04:48:55', '2019020404483822', 'sudah bayar', 3, 650000, 650000, 39),
(397, NULL, 9, 2018, '2018-09-08 04:49:14', '2019020404485761', 'sudah bayar', 3, 650000, 650000, 39),
(398, NULL, 10, 2018, '2018-11-05 04:49:31', '2019020404491762', 'sudah bayar', 3, 650000, 650000, 39),
(399, NULL, 11, 2018, '2018-11-05 04:49:51', '2019020404493370', 'sudah bayar', 3, 650000, 650000, 39),
(400, NULL, 12, 2018, '2019-01-21 02:12:57', '2019021802124650', 'sudah bayar', 3, 650000, 650000, 39),
(401, NULL, 1, 2019, '2019-01-21 02:13:18', '2019021802130048', 'sudah bayar', 3, 650000, 650000, 39),
(402, NULL, 2, 2019, '2019-02-18 02:15:09', '2019021802132581', 'sudah bayar', 3, 650000, 650000, 39),
(403, NULL, 3, 2019, NULL, NULL, 'belum bayar', 3, 650000, NULL, 39),
(404, NULL, 4, 2019, NULL, NULL, 'belum bayar', 3, 650000, NULL, 39),
(405, NULL, 7, 2018, '2018-07-24 04:51:26', '2019020404510954', 'sudah bayar', 3, 650000, 650000, 40),
(406, NULL, 8, 2018, '2018-09-08 04:51:47', '2019020404512982', 'sudah bayar', 3, 650000, 650000, 40),
(407, NULL, 9, 2018, '2018-09-08 04:52:07', '2019020404515076', 'sudah bayar', 3, 650000, 650000, 40),
(408, NULL, 10, 2018, '2018-10-22 04:52:24', '2019020404521081', 'sudah bayar', 3, 650000, 650000, 40),
(409, NULL, 11, 2018, '2018-11-22 04:52:43', '2019020404522760', 'sudah bayar', 3, 650000, 650000, 40),
(410, NULL, 12, 2018, '2018-12-15 04:53:03', '2019020404524729', 'sudah bayar', 3, 650000, 650000, 40),
(411, NULL, 1, 2019, '2019-01-14 04:53:40', '2019020404533013', 'sudah bayar', 3, 650000, 650000, 40),
(412, NULL, 2, 2019, '2019-02-25 07:36:15', '2019022507353284', 'sudah bayar', 3, 650000, 650000, 40),
(413, NULL, 3, 2019, NULL, NULL, 'belum bayar', 3, 650000, NULL, 40),
(414, NULL, 4, 2019, NULL, NULL, 'belum bayar', 3, 650000, NULL, 40),
(415, NULL, 7, 2018, '2018-07-28 04:54:39', '2019020404542474', 'sudah bayar', 3, 650000, 650000, 41),
(416, NULL, 8, 2018, '2018-07-28 04:54:57', '2019020404544197', 'sudah bayar', 3, 650000, 650000, 41),
(417, NULL, 9, 2018, '2018-09-03 04:55:19', '2019020404545979', 'sudah bayar', 3, 650000, 650000, 41),
(418, NULL, 10, 2018, '2018-10-22 04:55:52', '2019020404552090', 'sudah bayar', 3, 650000, 650000, 41),
(419, NULL, 11, 2018, '2018-11-12 04:56:12', '2019020404555536', 'sudah bayar', 3, 650000, 650000, 41),
(420, NULL, 12, 2018, '2018-12-15 04:56:30', '2019020404561537', 'sudah bayar', 3, 650000, 650000, 41),
(421, NULL, 1, 2019, '2019-01-04 04:57:12', '2019020404563391', 'sudah bayar', 3, 650000, 650000, 41),
(422, NULL, 2, 2019, '2019-02-09 07:08:15', '2019020907080185', 'sudah bayar', 3, 650000, 650000, 41),
(423, NULL, 3, 2019, NULL, NULL, 'belum bayar', 3, 650000, NULL, 41),
(424, NULL, 4, 2019, NULL, NULL, 'belum bayar', 3, 650000, NULL, 41),
(425, NULL, 7, 2018, '2018-07-09 04:58:46', '2019020404582694', 'sudah bayar', 3, 650000, 650000, 42),
(426, NULL, 8, 2018, '2018-08-06 04:59:06', '2019020404584940', 'sudah bayar', 3, 650000, 650000, 42),
(427, NULL, 9, 2018, '2018-09-04 04:59:24', '2019020404590828', 'sudah bayar', 3, 650000, 650000, 42),
(428, NULL, 10, 2018, '2018-10-15 04:59:40', '2019020404592614', 'sudah bayar', 3, 650000, 650000, 42),
(429, NULL, 11, 2018, '2018-11-12 05:00:01', '2019020404594325', 'sudah bayar', 3, 650000, 650000, 42),
(430, NULL, 12, 2018, '2018-11-26 05:00:21', '2019020405000429', 'sudah bayar', 3, 650000, 650000, 42),
(431, NULL, 1, 2019, '2019-01-23 05:00:55', '2019020405004578', 'sudah bayar', 3, 650000, 650000, 42),
(432, NULL, 2, 2019, '2019-02-04 07:37:07', '2019022507365797', 'sudah bayar', 3, 650000, 650000, 42),
(433, NULL, 3, 2019, '2019-02-25 07:38:00', '2019022507371027', 'sudah bayar', 3, 650000, 650000, 42),
(434, NULL, 4, 2019, NULL, NULL, 'belum bayar', 3, 650000, NULL, 42),
(435, NULL, 7, 2018, NULL, NULL, 'belum bayar', 3, 650000, NULL, 43),
(436, NULL, 8, 2018, NULL, NULL, 'belum bayar', 3, 650000, NULL, 43),
(437, NULL, 9, 2018, NULL, NULL, 'belum bayar', 3, 650000, NULL, 43),
(438, NULL, 10, 2018, NULL, NULL, 'belum bayar', 3, 650000, NULL, 43),
(439, NULL, 11, 2018, NULL, NULL, 'belum bayar', 3, 650000, NULL, 43),
(440, NULL, 12, 2018, NULL, NULL, 'belum bayar', 3, 650000, NULL, 43),
(441, NULL, 1, 2019, NULL, NULL, 'belum bayar', 3, 650000, NULL, 43),
(442, NULL, 2, 2019, NULL, NULL, 'belum bayar', 3, 650000, NULL, 43),
(443, NULL, 3, 2019, NULL, NULL, 'belum bayar', 3, 650000, NULL, 43),
(444, NULL, 4, 2019, NULL, NULL, 'belum bayar', 3, 650000, NULL, 43),
(445, NULL, 7, 2018, '2018-07-09 05:02:39', '2019020405022931', 'sudah bayar', 3, 650000, 650000, 45),
(446, NULL, 8, 2018, '2018-08-06 05:02:56', '2019020405024135', 'sudah bayar', 3, 650000, 650000, 45),
(447, NULL, 9, 2018, '2018-10-11 05:03:12', '2019020405025924', 'sudah bayar', 3, 650000, 650000, 45),
(448, NULL, 10, 2018, '2018-11-05 05:03:33', '2019020405031447', 'sudah bayar', 3, 650000, 650000, 45),
(449, NULL, 11, 2018, '2018-11-05 05:03:50', '2019020405033616', 'sudah bayar', 3, 650000, 650000, 45),
(450, NULL, 12, 2018, '2018-12-08 05:04:06', '2019020405035237', 'sudah bayar', 3, 650000, 650000, 45),
(451, NULL, 1, 2019, '2019-01-08 05:04:28', '2019020405041990', 'sudah bayar', 3, 650000, 650000, 45),
(452, NULL, 2, 2019, '2019-02-07 04:36:43', '2019020704363548', 'sudah bayar', 3, 650000, 650000, 45),
(453, NULL, 3, 2019, '2019-03-05 02:10:40', '2019030502093765', 'sudah bayar', 3, 650000, 650000, 45),
(454, NULL, 4, 2019, NULL, NULL, 'belum bayar', 3, 650000, NULL, 45),
(455, NULL, 7, 2018, '2018-07-23 05:05:12', '2019020405045920', 'sudah bayar', 3, 650000, 650000, 46),
(456, NULL, 8, 2018, '2018-09-17 05:05:29', '2019020405051474', 'sudah bayar', 3, 650000, 650000, 46),
(457, NULL, 9, 2018, '2018-09-17 05:05:46', '2019020405053142', 'sudah bayar', 3, 650000, 650000, 46),
(458, NULL, 10, 2018, '2018-10-22 05:06:06', '2019020405054879', 'sudah bayar', 3, 650000, 650000, 46),
(459, NULL, 11, 2018, '2018-11-22 05:06:25', '2019020405061065', 'sudah bayar', 3, 650000, 650000, 46),
(460, NULL, 12, 2018, '2018-12-15 05:06:41', '2019020405062768', 'sudah bayar', 3, 650000, 650000, 46),
(461, NULL, 1, 2019, '2019-01-21 05:07:00', '2019020405065278', 'sudah bayar', 3, 650000, 650000, 46),
(462, NULL, 2, 2019, NULL, NULL, 'belum bayar', 3, 650000, NULL, 46),
(463, NULL, 3, 2019, NULL, NULL, 'belum bayar', 3, 650000, NULL, 46),
(464, NULL, 4, 2019, NULL, NULL, 'belum bayar', 3, 650000, NULL, 46),
(465, NULL, 7, 2018, '2018-08-06 05:09:34', '2019020405092487', 'sudah bayar', 3, 650000, 650000, 47),
(466, NULL, 8, 2018, '2018-09-10 05:09:49', '2019020405093689', 'sudah bayar', 3, 650000, 650000, 47),
(467, NULL, 9, 2018, '2018-10-04 05:10:06', '2019020405095175', 'sudah bayar', 3, 650000, 650000, 47),
(468, NULL, 10, 2018, '2018-10-04 05:10:21', '2019020405100839', 'sudah bayar', 3, 650000, 650000, 47),
(469, NULL, 11, 2018, '2018-11-22 05:10:38', '2019020405102359', 'sudah bayar', 3, 650000, 650000, 47),
(470, NULL, 12, 2018, '2019-01-08 05:11:23', '2019020405111543', 'sudah bayar', 3, 650000, 650000, 47),
(471, NULL, 1, 2019, '2019-02-09 04:22:24', '2019020904205783', 'sudah bayar', 3, 650000, 650000, 47),
(472, NULL, 2, 2019, NULL, NULL, 'belum bayar', 3, 650000, NULL, 47),
(473, NULL, 3, 2019, NULL, NULL, 'belum bayar', 3, 650000, NULL, 47),
(474, NULL, 4, 2019, NULL, NULL, 'belum bayar', 3, 650000, NULL, 47),
(475, NULL, 7, 2018, '2018-08-06 05:13:18', '2019020405130893', 'sudah bayar', 3, 650000, 650000, 48),
(476, NULL, 8, 2018, '2018-09-13 05:13:35', '2019020405132025', 'sudah bayar', 3, 650000, 650000, 48),
(477, NULL, 9, 2018, '2018-10-22 05:13:50', '2019020405133729', 'sudah bayar', 3, 650000, 650000, 48),
(478, NULL, 10, 2018, '2018-11-05 05:14:06', '2019020405135280', 'sudah bayar', 3, 650000, 650000, 48),
(479, NULL, 11, 2018, '2018-11-22 05:14:25', '2019020405140929', 'sudah bayar', 3, 650000, 650000, 48),
(480, NULL, 12, 2018, '2019-01-02 05:15:09', '2019020405145724', 'sudah bayar', 3, 650000, 650000, 48),
(481, NULL, 1, 2019, '2019-02-06 02:26:42', '2019020602244333', 'sudah bayar', 3, 650000, 650000, 48),
(482, NULL, 2, 2019, '2019-03-05 02:12:50', '2019030502111288', 'sudah bayar', 3, 650000, 650000, 48),
(483, NULL, 3, 2019, NULL, NULL, 'belum bayar', 3, 650000, NULL, 48),
(484, NULL, 4, 2019, NULL, NULL, 'belum bayar', 3, 650000, NULL, 48),
(485, NULL, 7, 2018, '2018-09-13 05:16:29', '2019020405162091', 'sudah bayar', 3, 650000, 650000, 49),
(486, NULL, 8, 2018, '2018-09-13 05:16:46', '2019020405163230', 'sudah bayar', 3, 650000, 650000, 49),
(487, NULL, 9, 2018, '2018-10-22 05:17:04', '2019020405164933', 'sudah bayar', 3, 650000, 650000, 49),
(488, NULL, 10, 2018, '2018-10-22 05:17:22', '2019020405170642', 'sudah bayar', 3, 650000, 650000, 49),
(489, NULL, 11, 2018, '2018-10-22 05:17:39', '2019020405172480', 'sudah bayar', 3, 650000, 650000, 49),
(490, NULL, 12, 2018, '2019-01-21 05:18:35', '2019020405182597', 'sudah bayar', 3, 650000, 650000, 49),
(491, NULL, 1, 2019, NULL, NULL, 'belum bayar', 3, 650000, NULL, 49),
(492, NULL, 2, 2019, NULL, NULL, 'belum bayar', 3, 650000, NULL, 49),
(493, NULL, 3, 2019, NULL, NULL, 'belum bayar', 3, 650000, NULL, 49),
(494, NULL, 4, 2019, NULL, NULL, 'belum bayar', 3, 650000, NULL, 49),
(495, NULL, 7, 2018, '2018-08-06 05:19:03', '2019020405184654', 'sudah bayar', 3, 650000, 650000, 50),
(496, NULL, 8, 2018, '2018-09-08 05:19:20', '2019020405190596', 'sudah bayar', 3, 650000, 650000, 50),
(497, NULL, 9, 2018, '2018-09-08 05:19:38', '2019020405192256', 'sudah bayar', 3, 650000, 650000, 50),
(498, NULL, 10, 2018, '2018-10-31 05:19:55', '2019020405194193', 'sudah bayar', 3, 650000, 650000, 50),
(499, NULL, 11, 2018, '2018-11-22 05:20:12', '2019020405195764', 'sudah bayar', 3, 650000, 650000, 50),
(500, NULL, 12, 2018, '2019-01-21 05:20:42', '2019020405203416', 'sudah bayar', 3, 650000, 650000, 50),
(501, NULL, 1, 2019, '2019-02-09 07:06:22', '2019020907052922', 'sudah bayar', 3, 650000, 650000, 50),
(502, NULL, 2, 2019, NULL, NULL, 'belum bayar', 3, 650000, NULL, 50),
(503, NULL, 3, 2019, NULL, NULL, 'belum bayar', 3, 650000, NULL, 50),
(504, NULL, 4, 2019, NULL, NULL, 'belum bayar', 3, 650000, NULL, 50),
(505, NULL, 7, 2018, '2018-08-06 05:23:04', '2019020405224376', 'sudah bayar', 3, 500000, 500000, 51),
(506, NULL, 8, 2018, '2018-08-06 05:23:22', '2019020405230779', 'sudah bayar', 3, 500000, 500000, 51),
(507, NULL, 9, 2018, '2018-09-04 05:23:43', '2019020405232942', 'sudah bayar', 3, 500000, 500000, 51),
(508, NULL, 10, 2018, '2018-10-22 05:24:01', '2019020405234511', 'sudah bayar', 3, 500000, 500000, 51),
(509, NULL, 11, 2018, '2018-11-05 05:24:20', '2019020405240678', 'sudah bayar', 3, 500000, 500000, 51),
(510, NULL, 12, 2018, '2018-12-03 05:24:36', '2019020405242393', 'sudah bayar', 3, 500000, 500000, 51),
(511, NULL, 1, 2019, '2019-01-30 05:27:21', '2019020405271227', 'sudah bayar', 3, 500000, 500000, 51),
(512, NULL, 2, 2019, NULL, NULL, 'belum bayar', 3, 500000, NULL, 51),
(513, NULL, 3, 2019, NULL, NULL, 'belum bayar', 3, 500000, NULL, 51),
(514, NULL, 4, 2019, NULL, NULL, 'belum bayar', 3, 500000, NULL, 51),
(515, NULL, 7, 2018, '2018-08-27 05:27:59', '2019020405274974', 'sudah bayar', 3, 650000, 650000, 52),
(516, NULL, 8, 2018, '2018-08-27 05:28:19', '2019020405280255', 'sudah bayar', 3, 650000, 650000, 52),
(517, NULL, 9, 2018, '2018-10-22 05:29:49', '2019020405293591', 'sudah bayar', 3, 650000, 650000, 52),
(518, NULL, 10, 2018, '2018-10-22 05:30:04', '2019020405295191', 'sudah bayar', 3, 650000, 650000, 52),
(519, NULL, 11, 2018, '2018-10-22 05:30:21', '2019020405300728', 'sudah bayar', 3, 650000, 650000, 52),
(520, NULL, 12, 2018, '2018-10-22 05:30:40', '2019020405302387', 'sudah bayar', 3, 650000, 650000, 52),
(521, NULL, 1, 2019, '2019-01-21 05:31:17', '2019020405304265', 'sudah bayar', 3, 650000, 650000, 52),
(522, NULL, 2, 2019, '2019-01-21 05:31:35', '2019020405312777', 'sudah bayar', 3, 650000, 650000, 52),
(523, NULL, 3, 2019, NULL, NULL, 'belum bayar', 3, 650000, NULL, 52),
(524, NULL, 4, 2019, NULL, NULL, 'belum bayar', 3, 650000, NULL, 52),
(525, NULL, 7, 2018, '2018-07-09 05:33:55', '2019020405333939', 'sudah bayar', 3, 650000, 650000, 53),
(526, NULL, 8, 2018, '2018-07-09 05:34:10', '2019020405335730', 'sudah bayar', 3, 650000, 650000, 53),
(527, NULL, 9, 2018, '2018-09-24 05:34:34', '2019020405341279', 'sudah bayar', 3, 650000, 650000, 53),
(528, NULL, 10, 2018, '2018-09-24 05:34:50', '2019020405343738', 'sudah bayar', 3, 650000, 650000, 53),
(529, NULL, 11, 2018, '2018-11-22 05:35:08', '2019020405345246', 'sudah bayar', 3, 650000, 650000, 53),
(530, NULL, 12, 2018, '2018-11-22 05:35:25', '2019020405351070', 'sudah bayar', 3, 650000, 650000, 53),
(531, NULL, 1, 2019, '2019-02-21 06:21:31', '2019022106202994', 'sudah bayar', 3, 650000, 650000, 53),
(532, NULL, 2, 2019, '2019-02-21 06:21:39', '2019022106213435', 'sudah bayar', 3, 650000, 650000, 53),
(533, NULL, 3, 2019, NULL, NULL, 'belum bayar', 3, 650000, NULL, 53),
(534, NULL, 4, 2019, NULL, NULL, 'belum bayar', 3, 650000, NULL, 53),
(535, NULL, 7, 2018, '2018-07-09 05:36:13', '2019020405355449', 'sudah bayar', 3, 650000, 650000, 54),
(536, NULL, 8, 2018, '2018-07-09 05:36:30', '2019020405361562', 'sudah bayar', 3, 650000, 650000, 54),
(537, NULL, 9, 2018, '2018-09-19 05:36:47', '2019020405363379', 'sudah bayar', 3, 650000, 650000, 54),
(538, NULL, 10, 2018, '2018-10-22 05:37:03', '2019020405365097', 'sudah bayar', 3, 650000, 650000, 54),
(539, NULL, 11, 2018, '2018-11-15 05:37:23', '2019020405370579', 'sudah bayar', 3, 650000, 650000, 54),
(540, NULL, 12, 2018, '2019-01-15 05:38:16', '2019020405380863', 'sudah bayar', 3, 650000, 650000, 54),
(541, NULL, 1, 2019, '2019-01-15 02:46:48', '2019022002463726', 'sudah bayar', 3, 650000, 650000, 54),
(542, NULL, 2, 2019, '2019-02-20 02:46:58', '2019022002465215', 'sudah bayar', 3, 650000, 650000, 54),
(543, NULL, 3, 2019, NULL, NULL, 'belum bayar', 3, 650000, NULL, 54),
(544, NULL, 4, 2019, NULL, NULL, 'belum bayar', 3, 650000, NULL, 54),
(545, NULL, 7, 2018, '2018-07-13 05:40:23', '2019020405393722', 'sudah bayar', 3, 650000, 650000, 55),
(546, NULL, 8, 2018, '2018-08-06 05:40:39', '2019020405402539', 'sudah bayar', 3, 650000, 650000, 55),
(547, NULL, 9, 2018, '2018-10-11 05:40:54', '2019020405404195', 'sudah bayar', 3, 650000, 650000, 55),
(548, NULL, 10, 2018, '2018-10-11 05:41:09', '2019020405405641', 'sudah bayar', 3, 650000, 650000, 55),
(549, NULL, 11, 2018, '2018-11-15 05:41:25', '2019020405411181', 'sudah bayar', 3, 650000, 650000, 55),
(550, NULL, 12, 2018, '2019-01-25 05:41:50', '2019020405412776', 'sudah bayar', 3, 650000, 650000, 55),
(551, NULL, 1, 2019, '2019-02-09 07:00:05', '2019020906591344', 'sudah bayar', 3, 650000, 650000, 55),
(552, NULL, 2, 2019, '2019-03-07 07:19:44', '2019030707185855', 'sudah bayar', 3, 650000, 650000, 55),
(553, NULL, 3, 2019, NULL, NULL, 'belum bayar', 3, 650000, NULL, 55),
(554, NULL, 4, 2019, NULL, NULL, 'belum bayar', 3, 650000, NULL, 55),
(555, NULL, 7, 2018, '2018-07-26 05:42:28', '2019020405421869', 'sudah bayar', 3, 650000, 650000, 56),
(556, NULL, 8, 2018, '2018-10-15 05:42:44', '2019020405423080', 'sudah bayar', 3, 650000, 650000, 56),
(557, NULL, 9, 2018, '2018-10-15 05:42:58', '2019020405424638', 'sudah bayar', 3, 650000, 650000, 56),
(558, NULL, 10, 2018, '2018-11-22 05:43:17', '2019020405430072', 'sudah bayar', 3, 650000, 650000, 56),
(559, NULL, 11, 2018, '2018-11-22 05:43:33', '2019020405431947', 'sudah bayar', 3, 650000, 650000, 56),
(560, NULL, 12, 2018, '2019-02-04 05:47:42', '2019020405472556', 'sudah bayar', 3, 650000, 650000, 56);
INSERT INTO `tb_transaksi_pembayaran_spp` (`id_transaksi_spp`, `id_detail_set_spp`, `bulan`, `tahun`, `tanggal_transaksi`, `no_kwitansi`, `status`, `id_set_spp`, `nominal_default`, `jumlah_bayar`, `id_siswa`) VALUES
(561, NULL, 1, 2019, '2019-02-04 05:47:54', '2019020405474545', 'sudah bayar', 3, 650000, 650000, 56),
(562, NULL, 2, 2019, '2019-02-21 06:18:21', '2019022106174633', 'sudah bayar', 3, 650000, 650000, 56),
(563, NULL, 3, 2019, '2019-03-07 07:16:45', '2019030707163037', 'sudah bayar', 3, 650000, 650000, 56),
(564, NULL, 4, 2019, NULL, NULL, 'belum bayar', 3, 650000, NULL, 56),
(565, NULL, 7, 2018, '2018-07-23 05:44:41', '2019020405442041', 'sudah bayar', 3, 650000, 650000, 57),
(566, NULL, 8, 2018, '2018-08-09 05:44:57', '2019020405444470', 'sudah bayar', 3, 650000, 650000, 57),
(567, NULL, 9, 2018, '2018-09-25 05:45:15', '2019020405450019', 'sudah bayar', 3, 650000, 650000, 57),
(568, NULL, 10, 2018, '2018-11-05 05:45:30', '2019020405451743', 'sudah bayar', 3, 650000, 650000, 57),
(569, NULL, 11, 2018, '2018-11-22 05:45:46', '2019020405453246', 'sudah bayar', 3, 650000, 650000, 57),
(570, NULL, 12, 2018, '2018-12-15 05:46:43', '2019020405462551', 'sudah bayar', 3, 650000, 650000, 57),
(571, NULL, 1, 2019, '2019-02-09 07:19:06', '2019020907175954', 'sudah bayar', 3, 650000, 650000, 57),
(572, NULL, 2, 2019, '2019-02-28 07:02:37', '2019022807015775', 'sudah bayar', 3, 650000, 650000, 57),
(573, NULL, 3, 2019, NULL, NULL, 'belum bayar', 3, 650000, NULL, 57),
(574, NULL, 4, 2019, NULL, NULL, 'belum bayar', 3, 650000, NULL, 57),
(575, NULL, 7, 2018, '2018-08-11 05:48:21', '2019020405481152', 'sudah bayar', 3, 600000, 600000, 58),
(576, NULL, 8, 2018, '2018-09-25 05:48:37', '2019020405482342', 'sudah bayar', 3, 600000, 600000, 58),
(577, NULL, 9, 2018, '2018-10-22 05:48:54', '2019020405483987', 'sudah bayar', 3, 600000, 600000, 58),
(578, NULL, 10, 2018, '2018-11-19 05:50:01', '2019020405494482', 'sudah bayar', 3, 600000, 600000, 58),
(579, NULL, 11, 2018, '2018-11-22 05:50:17', '2019020405500357', 'sudah bayar', 3, 600000, 600000, 58),
(580, NULL, 12, 2018, '2018-12-15 05:50:34', '2019020405502022', 'sudah bayar', 3, 600000, 600000, 58),
(581, NULL, 1, 2019, '2019-01-30 05:51:03', '2019020405505498', 'sudah bayar', 3, 600000, 600000, 58),
(582, NULL, 2, 2019, NULL, NULL, 'belum bayar', 3, 600000, NULL, 58),
(583, NULL, 3, 2019, NULL, NULL, 'belum bayar', 3, 600000, NULL, 58),
(584, NULL, 4, 2019, NULL, NULL, 'belum bayar', 3, 600000, NULL, 58),
(585, NULL, 7, 2018, '2018-12-03 05:54:19', '2019020405540272', 'sudah bayar', 3, 650000, 650000, 59),
(586, NULL, 8, 2018, '2018-12-03 05:54:36', '2019020405542189', 'sudah bayar', 3, 650000, 650000, 59),
(587, NULL, 9, 2018, NULL, NULL, 'belum bayar', 3, 650000, NULL, 59),
(588, NULL, 10, 2018, NULL, NULL, 'belum bayar', 3, 650000, NULL, 59),
(589, NULL, 11, 2018, NULL, NULL, 'belum bayar', 3, 650000, NULL, 59),
(590, NULL, 12, 2018, NULL, NULL, 'belum bayar', 3, 650000, NULL, 59),
(591, NULL, 1, 2019, NULL, NULL, 'belum bayar', 3, 650000, NULL, 59),
(592, NULL, 2, 2019, NULL, NULL, 'belum bayar', 3, 650000, NULL, 59),
(593, NULL, 3, 2019, NULL, NULL, 'belum bayar', 3, 650000, NULL, 59),
(594, NULL, 4, 2019, NULL, NULL, 'belum bayar', 3, 650000, NULL, 59),
(595, NULL, 7, 2018, '2018-07-09 05:51:56', '2019020405514192', 'sudah bayar', 3, 650000, 650000, 60),
(596, NULL, 8, 2018, '2018-08-04 05:52:11', '2019020405515750', 'sudah bayar', 3, 650000, 650000, 60),
(597, NULL, 9, 2018, '2018-09-08 05:52:29', '2019020405521343', 'sudah bayar', 3, 650000, 650000, 60),
(598, NULL, 10, 2018, '2018-10-22 05:52:45', '2019020405523173', 'sudah bayar', 3, 650000, 650000, 60),
(599, NULL, 11, 2018, '2018-11-22 05:53:05', '2019020405524742', 'sudah bayar', 3, 650000, 650000, 60),
(600, NULL, 12, 2018, '2019-01-21 05:56:58', '2019020405564413', 'sudah bayar', 3, 650000, 650000, 60),
(601, NULL, 1, 2019, '2019-01-21 05:57:08', '2019020405570081', 'sudah bayar', 3, 650000, 650000, 60),
(602, NULL, 2, 2019, '2019-02-07 03:54:03', '2019020803534229', 'sudah bayar', 3, 650000, 650000, 60),
(603, NULL, 3, 2019, NULL, NULL, 'belum bayar', 3, 650000, NULL, 60),
(604, NULL, 4, 2019, NULL, NULL, 'belum bayar', 3, 650000, NULL, 60),
(605, NULL, 7, 2018, '2018-10-22 05:57:42', '2019020405573241', 'sudah bayar', 3, 650000, 650000, 61),
(606, NULL, 8, 2018, '2018-10-22 05:57:57', '2019020405574410', 'sudah bayar', 3, 650000, 650000, 61),
(607, NULL, 9, 2018, '2018-11-22 05:58:14', '2019020405575967', 'sudah bayar', 3, 650000, 650000, 61),
(608, NULL, 10, 2018, '2018-11-22 05:58:32', '2019020405581767', 'sudah bayar', 3, 650000, 650000, 61),
(609, NULL, 11, 2018, '2018-11-22 05:58:53', '2019020405583755', 'sudah bayar', 3, 650000, 650000, 61),
(610, NULL, 12, 2018, '2018-11-22 05:59:08', '2019020405585580', 'sudah bayar', 3, 650000, 650000, 61),
(611, NULL, 1, 2019, NULL, NULL, 'belum bayar', 3, 650000, NULL, 61),
(612, NULL, 2, 2019, NULL, NULL, 'belum bayar', 3, 650000, NULL, 61),
(613, NULL, 3, 2019, NULL, NULL, 'belum bayar', 3, 650000, NULL, 61),
(614, NULL, 4, 2019, NULL, NULL, 'belum bayar', 3, 650000, NULL, 61),
(615, NULL, 7, 2018, '2018-07-09 06:00:27', '2019020406001130', 'sudah bayar', 3, 650000, 650000, 62),
(616, NULL, 8, 2018, '2018-08-10 06:00:43', '2019020406002932', 'sudah bayar', 3, 650000, 650000, 62),
(617, NULL, 9, 2018, '2018-09-13 06:00:59', '2019020406004586', 'sudah bayar', 3, 650000, 650000, 62),
(618, NULL, 10, 2018, '2018-11-05 06:01:17', '2019020406010247', 'sudah bayar', 3, 650000, 650000, 62),
(619, NULL, 11, 2018, '2018-11-16 06:01:33', '2019020406011968', 'sudah bayar', 3, 650000, 650000, 62),
(620, NULL, 12, 2018, '2018-12-12 06:01:49', '2019020406013565', 'sudah bayar', 3, 650000, 650000, 62),
(621, NULL, 1, 2019, '2019-01-16 06:02:08', '2019020406015585', 'sudah bayar', 3, 650000, 650000, 62),
(622, NULL, 2, 2019, NULL, NULL, 'belum bayar', 3, 650000, NULL, 62),
(623, NULL, 3, 2019, NULL, NULL, 'belum bayar', 3, 650000, NULL, 62),
(624, NULL, 4, 2019, NULL, NULL, 'belum bayar', 3, 650000, NULL, 62),
(625, NULL, 7, 2018, '2018-08-11 06:02:44', '2019020406022555', 'sudah bayar', 3, 650000, 650000, 65),
(626, NULL, 8, 2018, '2018-09-13 06:03:00', '2019020406024667', 'sudah bayar', 3, 650000, 650000, 65),
(627, NULL, 9, 2018, '2018-09-13 06:03:15', '2019020406030243', 'sudah bayar', 3, 650000, 650000, 65),
(628, NULL, 10, 2018, '2018-11-22 06:03:29', '2019020406031675', 'sudah bayar', 3, 650000, 650000, 65),
(629, NULL, 11, 2018, '2018-11-22 06:03:48', '2019020406033153', 'sudah bayar', 3, 650000, 650000, 65),
(630, NULL, 12, 2018, '2018-11-26 06:04:04', '2019020406035139', 'sudah bayar', 3, 650000, 650000, 65),
(631, NULL, 1, 2019, '2019-01-02 06:04:34', '2019020406040728', 'sudah bayar', 3, 650000, 650000, 65),
(632, NULL, 2, 2019, '2019-02-18 01:58:47', '2019021801572481', 'sudah bayar', 3, 650000, 650000, 65),
(633, NULL, 3, 2019, NULL, NULL, 'belum bayar', 3, 650000, NULL, 65),
(634, NULL, 4, 2019, NULL, NULL, 'belum bayar', 3, 650000, NULL, 65),
(635, NULL, 7, 2018, '2018-07-16 06:04:59', '2019020406044350', 'sudah bayar', 3, 650000, 650000, 66),
(636, NULL, 8, 2018, '2018-08-04 06:05:17', '2019020406050160', 'sudah bayar', 3, 650000, 650000, 66),
(637, NULL, 9, 2018, '2018-09-08 06:05:33', '2019020406051986', 'sudah bayar', 3, 650000, 650000, 66),
(638, NULL, 10, 2018, '2018-09-08 06:05:48', '2019020406053638', 'sudah bayar', 3, 650000, 650000, 66),
(639, NULL, 11, 2018, '2018-11-05 06:06:05', '2019020406055196', 'sudah bayar', 3, 650000, 650000, 66),
(640, NULL, 12, 2018, '2018-12-13 06:06:30', '2019020406060912', 'sudah bayar', 3, 650000, 650000, 66),
(641, NULL, 1, 2019, '2019-01-21 06:06:53', '2019020406064312', 'sudah bayar', 3, 650000, 650000, 66),
(642, NULL, 2, 2019, '2019-02-18 02:16:24', '2019021802152523', 'sudah bayar', 3, 650000, 650000, 66),
(643, NULL, 3, 2019, '2019-03-07 07:18:12', '2019030707172260', 'sudah bayar', 3, 650000, 650000, 66),
(644, NULL, 4, 2019, NULL, NULL, 'belum bayar', 3, 650000, NULL, 66),
(645, NULL, 7, 2018, '2018-10-03 06:07:24', '2019020406070444', 'sudah bayar', 3, 275000, 275000, 67),
(646, NULL, 8, 2018, '2018-10-03 06:07:40', '2019020406072651', 'sudah bayar', 3, 275000, 275000, 67),
(647, NULL, 9, 2018, '2018-10-11 06:07:56', '2019020406074241', 'sudah bayar', 3, 275000, 275000, 67),
(648, NULL, 10, 2018, '2018-10-11 06:08:12', '2019020406075985', 'sudah bayar', 3, 275000, 275000, 67),
(649, NULL, 11, 2018, '2018-11-09 06:08:37', '2019020406081469', 'sudah bayar', 3, 275000, 275000, 67),
(650, NULL, 12, 2018, '2018-12-10 06:08:56', '2019020406084050', 'sudah bayar', 3, 275000, 275000, 67),
(651, NULL, 1, 2019, '2019-02-07 07:04:46', '2019020707043513', 'sudah bayar', 3, 275000, 275000, 67),
(652, NULL, 2, 2019, NULL, NULL, 'belum bayar', 3, 275000, NULL, 67),
(653, NULL, 3, 2019, NULL, NULL, 'belum bayar', 3, 275000, NULL, 67),
(654, NULL, 4, 2019, NULL, NULL, 'belum bayar', 3, 275000, NULL, 67),
(655, NULL, 7, 2018, '2018-07-25 06:10:10', '2019020406095087', 'sudah bayar', 3, 650000, 650000, 68),
(656, NULL, 8, 2018, '2018-08-28 06:10:27', '2019020406101282', 'sudah bayar', 3, 650000, 650000, 68),
(657, NULL, 9, 2018, '2018-09-15 06:10:43', '2019020406102953', 'sudah bayar', 3, 650000, 650000, 68),
(658, NULL, 10, 2018, '2018-10-22 06:10:57', '2019020406104542', 'sudah bayar', 3, 650000, 650000, 68),
(659, NULL, 11, 2018, '2018-11-14 06:11:13', '2019020406110066', 'sudah bayar', 3, 650000, 650000, 68),
(660, NULL, 12, 2018, '2019-01-30 06:11:45', '2019020406111558', 'sudah bayar', 3, 650000, 650000, 68),
(661, NULL, 1, 2019, '2019-01-30 02:07:31', '2019021802072142', 'sudah bayar', 3, 650000, 650000, 68),
(662, NULL, 2, 2019, '2019-02-18 02:09:02', '2019021802073584', 'sudah bayar', 3, 650000, 650000, 68),
(663, NULL, 3, 2019, NULL, NULL, 'belum bayar', 3, 650000, NULL, 68),
(664, NULL, 4, 2019, NULL, NULL, 'belum bayar', 3, 650000, NULL, 68),
(665, NULL, 7, 2018, '2019-02-19 04:52:09', '2019020704515416', 'sudah bayar', 4, 650000, 650000, 69),
(666, NULL, 8, 2018, '2019-01-19 04:52:26', '2019020704521146', 'sudah bayar', 4, 650000, 650000, 69),
(667, NULL, 9, 2018, NULL, NULL, 'belum bayar', 4, 650000, NULL, 69),
(668, NULL, 10, 2018, NULL, NULL, 'belum bayar', 4, 650000, NULL, 69),
(669, NULL, 11, 2018, NULL, NULL, 'belum bayar', 4, 650000, NULL, 69),
(670, NULL, 12, 2018, NULL, NULL, 'belum bayar', 4, 650000, NULL, 69),
(671, NULL, 1, 2019, NULL, NULL, 'belum bayar', 4, 650000, NULL, 69),
(672, NULL, 2, 2019, NULL, NULL, 'belum bayar', 4, 650000, NULL, 69),
(673, NULL, 3, 2019, NULL, NULL, 'belum bayar', 4, 650000, NULL, 69),
(674, NULL, 4, 2019, NULL, NULL, 'belum bayar', 4, 650000, NULL, 69),
(675, NULL, 5, 2019, NULL, NULL, 'belum bayar', 4, 650000, NULL, 69),
(676, NULL, 6, 2019, NULL, NULL, 'belum bayar', 4, 650000, NULL, 69),
(677, NULL, 7, 2018, '2018-08-23 04:53:03', '2019020704525231', 'sudah bayar', 4, 650000, 650000, 70),
(678, NULL, 8, 2018, '2018-08-23 04:53:20', '2019020704530539', 'sudah bayar', 4, 650000, 650000, 70),
(679, NULL, 9, 2018, '2018-10-30 04:53:38', '2019020704532380', 'sudah bayar', 4, 650000, 650000, 70),
(680, NULL, 10, 2018, '2018-11-24 04:53:56', '2019020704534032', 'sudah bayar', 4, 650000, 650000, 70),
(681, NULL, 11, 2018, '2018-11-24 04:54:14', '2019020704535844', 'sudah bayar', 4, 650000, 650000, 70),
(682, NULL, 12, 2018, '2018-11-24 04:54:34', '2019020704541761', 'sudah bayar', 4, 650000, 650000, 70),
(683, NULL, 1, 2019, '2019-02-20 02:11:06', '2019022502105353', 'sudah bayar', 4, 650000, 650000, 70),
(684, NULL, 2, 2019, NULL, NULL, 'belum bayar', 4, 650000, NULL, 70),
(685, NULL, 3, 2019, NULL, NULL, 'belum bayar', 4, 650000, NULL, 70),
(686, NULL, 4, 2019, NULL, NULL, 'belum bayar', 4, 650000, NULL, 70),
(687, NULL, 5, 2019, NULL, NULL, 'belum bayar', 4, 650000, NULL, 70),
(688, NULL, 6, 2019, NULL, NULL, 'belum bayar', 4, 650000, NULL, 70),
(689, NULL, 7, 2018, '2018-08-29 04:55:33', '2019020704551476', 'sudah bayar', 4, 550000, 550000, 71),
(690, NULL, 8, 2018, '2018-08-29 04:55:50', '2019020704553540', 'sudah bayar', 4, 550000, 550000, 71),
(691, NULL, 9, 2018, '2018-09-28 04:56:09', '2019020704555249', 'sudah bayar', 4, 550000, 550000, 71),
(692, NULL, 10, 2018, NULL, NULL, 'belum bayar', 4, 550000, NULL, 71),
(693, NULL, 11, 2018, NULL, NULL, 'belum bayar', 4, 550000, NULL, 71),
(694, NULL, 12, 2018, NULL, NULL, 'belum bayar', 4, 550000, NULL, 71),
(695, NULL, 1, 2019, NULL, NULL, 'belum bayar', 4, 550000, NULL, 71),
(696, NULL, 2, 2019, NULL, NULL, 'belum bayar', 4, 550000, NULL, 71),
(697, NULL, 3, 2019, NULL, NULL, 'belum bayar', 4, 550000, NULL, 71),
(698, NULL, 4, 2019, NULL, NULL, 'belum bayar', 4, 550000, NULL, 71),
(699, NULL, 5, 2019, NULL, NULL, 'belum bayar', 4, 550000, NULL, 71),
(700, NULL, 6, 2019, NULL, NULL, 'belum bayar', 4, 550000, NULL, 71),
(701, NULL, 7, 2018, '2018-07-24 04:57:00', '2019020704563715', 'sudah bayar', 4, 650000, 650000, 72),
(702, NULL, 8, 2018, '2018-08-06 04:57:36', '2019020704570367', 'sudah bayar', 4, 650000, 650000, 72),
(703, NULL, 9, 2018, '2018-09-15 04:57:52', '2019020704573860', 'sudah bayar', 4, 650000, 650000, 72),
(704, NULL, 10, 2018, '2018-09-15 04:58:10', '2019020704575742', 'sudah bayar', 4, 650000, 650000, 72),
(705, NULL, 11, 2018, '2018-09-15 04:58:28', '2019020704581372', 'sudah bayar', 4, 650000, 650000, 72),
(706, NULL, 12, 2018, '2018-12-04 04:59:00', '2019020704583180', 'sudah bayar', 4, 650000, 650000, 72),
(707, NULL, 1, 2019, '2019-02-09 02:00:56', '2019020902002518', 'sudah bayar', 4, 650000, 650000, 72),
(708, NULL, 2, 2019, '2019-02-22 07:22:33', '2019022207212037', 'sudah bayar', 4, 650000, 650000, 72),
(709, NULL, 3, 2019, NULL, NULL, 'belum bayar', 4, 650000, NULL, 72),
(710, NULL, 4, 2019, NULL, NULL, 'belum bayar', 4, 650000, NULL, 72),
(711, NULL, 5, 2019, NULL, NULL, 'belum bayar', 4, 650000, NULL, 72),
(712, NULL, 6, 2019, NULL, NULL, 'belum bayar', 4, 650000, NULL, 72),
(713, NULL, 7, 2018, '2018-07-18 05:00:29', '2019020705000145', 'sudah bayar', 4, 650000, 650000, 73),
(714, NULL, 8, 2018, '2018-08-23 05:00:48', '2019020705003256', 'sudah bayar', 4, 650000, 650000, 73),
(715, NULL, 9, 2018, '2018-09-22 05:01:05', '2019020705005067', 'sudah bayar', 4, 650000, 650000, 73),
(716, NULL, 10, 2018, '2018-11-05 05:01:22', '2019020705010732', 'sudah bayar', 4, 650000, 650000, 73),
(717, NULL, 11, 2018, '2018-11-05 05:01:46', '2019020705012432', 'sudah bayar', 4, 650000, 650000, 73),
(718, NULL, 12, 2018, '2019-01-22 05:02:45', '2019020705023571', 'sudah bayar', 4, 650000, 650000, 73),
(719, NULL, 1, 2019, NULL, NULL, 'belum bayar', 4, 650000, NULL, 73),
(720, NULL, 2, 2019, NULL, NULL, 'belum bayar', 4, 650000, NULL, 73),
(721, NULL, 3, 2019, NULL, NULL, 'belum bayar', 4, 650000, NULL, 73),
(722, NULL, 4, 2019, NULL, NULL, 'belum bayar', 4, 650000, NULL, 73),
(723, NULL, 5, 2019, NULL, NULL, 'belum bayar', 4, 650000, NULL, 73),
(724, NULL, 6, 2019, NULL, NULL, 'belum bayar', 4, 650000, NULL, 73),
(725, NULL, 7, 2018, '2018-07-24 05:03:36', '2019020705031368', 'sudah bayar', 4, 650000, 650000, 74),
(726, NULL, 8, 2018, '2018-08-18 05:04:02', '2019020705033812', 'sudah bayar', 4, 650000, 650000, 74),
(727, NULL, 9, 2018, '2018-10-16 05:04:18', '2019020705040424', 'sudah bayar', 4, 650000, 650000, 74),
(728, NULL, 10, 2018, '2018-10-16 05:04:42', '2019020705042013', 'sudah bayar', 4, 650000, 650000, 74),
(729, NULL, 11, 2018, '2019-01-21 05:06:17', '2019020705060350', 'sudah bayar', 4, 650000, 650000, 74),
(730, NULL, 12, 2018, NULL, NULL, 'belum bayar', 4, 650000, NULL, 74),
(731, NULL, 1, 2019, NULL, NULL, 'belum bayar', 4, 650000, NULL, 74),
(732, NULL, 2, 2019, NULL, NULL, 'belum bayar', 4, 650000, NULL, 74),
(733, NULL, 3, 2019, NULL, NULL, 'belum bayar', 4, 650000, NULL, 74),
(734, NULL, 4, 2019, NULL, NULL, 'belum bayar', 4, 650000, NULL, 74),
(735, NULL, 5, 2019, NULL, NULL, 'belum bayar', 4, 650000, NULL, 74),
(736, NULL, 6, 2019, NULL, NULL, 'belum bayar', 4, 650000, NULL, 74),
(737, NULL, 7, 2018, NULL, NULL, 'belum bayar', 4, 650000, NULL, 75),
(738, NULL, 8, 2018, NULL, NULL, 'belum bayar', 4, 650000, NULL, 75),
(739, NULL, 9, 2018, NULL, NULL, 'belum bayar', 4, 650000, NULL, 75),
(740, NULL, 10, 2018, NULL, NULL, 'belum bayar', 4, 650000, NULL, 75),
(741, NULL, 11, 2018, NULL, NULL, 'belum bayar', 4, 650000, NULL, 75),
(742, NULL, 12, 2018, NULL, NULL, 'belum bayar', 4, 650000, NULL, 75),
(743, NULL, 1, 2019, NULL, NULL, 'belum bayar', 4, 650000, NULL, 75),
(744, NULL, 2, 2019, NULL, NULL, 'belum bayar', 4, 650000, NULL, 75),
(745, NULL, 3, 2019, NULL, NULL, 'belum bayar', 4, 650000, NULL, 75),
(746, NULL, 4, 2019, NULL, NULL, 'belum bayar', 4, 650000, NULL, 75),
(747, NULL, 5, 2019, NULL, NULL, 'belum bayar', 4, 650000, NULL, 75),
(748, NULL, 6, 2019, NULL, NULL, 'belum bayar', 4, 650000, NULL, 75),
(749, NULL, 7, 2018, '2018-07-11 05:08:50', '2019020705083490', 'sudah bayar', 4, 650000, 650000, 76),
(750, NULL, 8, 2018, '2018-08-30 05:09:09', '2019020705085337', 'sudah bayar', 4, 650000, 650000, 76),
(751, NULL, 9, 2018, '2018-08-30 05:09:37', '2019020705091156', 'sudah bayar', 4, 650000, 650000, 76),
(752, NULL, 10, 2018, '2018-10-31 05:09:55', '2019020705093919', 'sudah bayar', 4, 650000, 650000, 76),
(753, NULL, 11, 2018, '2018-11-23 05:10:12', '2019020705095779', 'sudah bayar', 4, 650000, 650000, 76),
(754, NULL, 12, 2018, '2019-01-20 02:08:51', '2019022502083662', 'sudah bayar', 4, 650000, 650000, 76),
(755, NULL, 1, 2019, NULL, NULL, 'belum bayar', 4, 650000, NULL, 76),
(756, NULL, 2, 2019, NULL, NULL, 'belum bayar', 4, 650000, NULL, 76),
(757, NULL, 3, 2019, NULL, NULL, 'belum bayar', 4, 650000, NULL, 76),
(758, NULL, 4, 2019, NULL, NULL, 'belum bayar', 4, 650000, NULL, 76),
(759, NULL, 5, 2019, NULL, NULL, 'belum bayar', 4, 650000, NULL, 76),
(760, NULL, 6, 2019, NULL, NULL, 'belum bayar', 4, 650000, NULL, 76),
(761, NULL, 7, 2018, '2018-11-25 05:12:20', '2019020705120227', 'sudah bayar', 4, 650000, 650000, 77),
(762, NULL, 8, 2018, '2018-11-25 05:12:42', '2019020705122293', 'sudah bayar', 4, 650000, 650000, 77),
(763, NULL, 9, 2018, NULL, NULL, 'belum bayar', 4, 650000, NULL, 77),
(764, NULL, 10, 2018, NULL, NULL, 'belum bayar', 4, 650000, NULL, 77),
(765, NULL, 11, 2018, NULL, NULL, 'belum bayar', 4, 650000, NULL, 77),
(766, NULL, 12, 2018, NULL, NULL, 'belum bayar', 4, 650000, NULL, 77),
(767, NULL, 1, 2019, NULL, NULL, 'belum bayar', 4, 650000, NULL, 77),
(768, NULL, 2, 2019, NULL, NULL, 'belum bayar', 4, 650000, NULL, 77),
(769, NULL, 3, 2019, NULL, NULL, 'belum bayar', 4, 650000, NULL, 77),
(770, NULL, 4, 2019, NULL, NULL, 'belum bayar', 4, 650000, NULL, 77),
(771, NULL, 5, 2019, NULL, NULL, 'belum bayar', 4, 650000, NULL, 77),
(772, NULL, 6, 2019, NULL, NULL, 'belum bayar', 4, 650000, NULL, 77),
(773, NULL, 7, 2018, '2018-08-23 05:15:47', '2019020705152798', 'sudah bayar', 4, 650000, 650000, 78),
(774, NULL, 8, 2018, '2018-10-14 05:16:08', '2019020705154994', 'sudah bayar', 4, 650000, 650000, 78),
(775, NULL, 9, 2018, '2018-10-14 05:16:26', '2019020705161033', 'sudah bayar', 4, 650000, 650000, 78),
(776, NULL, 10, 2018, '2018-11-10 05:16:43', '2019020705162995', 'sudah bayar', 4, 650000, 650000, 78),
(777, NULL, 11, 2018, '2019-01-21 05:18:04', '2019020705175398', 'sudah bayar', 4, 650000, 650000, 78),
(778, NULL, 12, 2018, '2019-01-21 05:18:24', '2019020705180754', 'sudah bayar', 4, 650000, 650000, 78),
(779, NULL, 1, 2019, '2019-01-21 05:19:47', '2019020705192713', 'sudah bayar', 4, 650000, 650000, 78),
(780, NULL, 2, 2019, NULL, NULL, 'belum bayar', 4, 650000, NULL, 78),
(781, NULL, 3, 2019, NULL, NULL, 'belum bayar', 4, 650000, NULL, 78),
(782, NULL, 4, 2019, NULL, NULL, 'belum bayar', 4, 650000, NULL, 78),
(783, NULL, 5, 2019, NULL, NULL, 'belum bayar', 4, 650000, NULL, 78),
(784, NULL, 6, 2019, NULL, NULL, 'belum bayar', 4, 650000, NULL, 78),
(785, NULL, 7, 2018, '2018-07-18 05:20:22', '2019020705201270', 'sudah bayar', 4, 650000, 650000, 79),
(786, NULL, 8, 2018, '2018-08-30 05:20:40', '2019020705202536', 'sudah bayar', 4, 650000, 650000, 79),
(787, NULL, 9, 2018, '2018-10-14 05:20:56', '2019020705204233', 'sudah bayar', 4, 650000, 650000, 79),
(788, NULL, 10, 2018, '2018-10-14 05:21:13', '2019020705205874', 'sudah bayar', 4, 650000, 650000, 79),
(789, NULL, 11, 2018, '2018-11-23 05:21:29', '2019020705211687', 'sudah bayar', 4, 650000, 650000, 79),
(790, NULL, 12, 2018, '2019-01-29 02:06:49', '2019022502063831', 'sudah bayar', 4, 650000, 650000, 79),
(791, NULL, 1, 2019, NULL, NULL, 'belum bayar', 4, 650000, NULL, 79),
(792, NULL, 2, 2019, NULL, NULL, 'belum bayar', 4, 650000, NULL, 79),
(793, NULL, 3, 2019, NULL, NULL, 'belum bayar', 4, 650000, NULL, 79),
(794, NULL, 4, 2019, NULL, NULL, 'belum bayar', 4, 650000, NULL, 79),
(795, NULL, 5, 2019, NULL, NULL, 'belum bayar', 4, 650000, NULL, 79),
(796, NULL, 6, 2019, NULL, NULL, 'belum bayar', 4, 650000, NULL, 79),
(797, NULL, 7, 2018, '2018-07-24 05:23:57', '2019020705234876', 'sudah bayar', 4, 650000, 650000, 80),
(798, NULL, 8, 2018, '2018-08-02 05:24:14', '2019020705235933', 'sudah bayar', 4, 650000, 650000, 80),
(799, NULL, 9, 2018, '2018-09-11 05:24:32', '2019020705241713', 'sudah bayar', 4, 650000, 650000, 80),
(800, NULL, 10, 2018, '2018-11-10 05:24:48', '2019020705243483', 'sudah bayar', 4, 650000, 650000, 80),
(801, NULL, 11, 2018, '2018-11-25 05:25:05', '2019020705245070', 'sudah bayar', 4, 650000, 650000, 80),
(802, NULL, 12, 2018, '2019-01-15 05:26:01', '2019020705255379', 'sudah bayar', 4, 650000, 650000, 80),
(803, NULL, 1, 2019, '2019-01-28 01:55:22', '2019022501550613', 'sudah bayar', 4, 650000, 650000, 80),
(804, NULL, 2, 2019, NULL, NULL, 'belum bayar', 4, 650000, NULL, 80),
(805, NULL, 3, 2019, NULL, NULL, 'belum bayar', 4, 650000, NULL, 80),
(806, NULL, 4, 2019, NULL, NULL, 'belum bayar', 4, 650000, NULL, 80),
(807, NULL, 5, 2019, NULL, NULL, 'belum bayar', 4, 650000, NULL, 80),
(808, NULL, 6, 2019, NULL, NULL, 'belum bayar', 4, 650000, NULL, 80),
(809, NULL, 7, 2018, NULL, NULL, 'belum bayar', 4, 650000, NULL, 81),
(810, NULL, 8, 2018, NULL, NULL, 'belum bayar', 4, 650000, NULL, 81),
(811, NULL, 9, 2018, NULL, NULL, 'belum bayar', 4, 650000, NULL, 81),
(812, NULL, 10, 2018, NULL, NULL, 'belum bayar', 4, 650000, NULL, 81),
(813, NULL, 11, 2018, NULL, NULL, 'belum bayar', 4, 650000, NULL, 81),
(814, NULL, 12, 2018, NULL, NULL, 'belum bayar', 4, 650000, NULL, 81),
(815, NULL, 1, 2019, NULL, NULL, 'belum bayar', 4, 650000, NULL, 81),
(816, NULL, 2, 2019, NULL, NULL, 'belum bayar', 4, 650000, NULL, 81),
(817, NULL, 3, 2019, NULL, NULL, 'belum bayar', 4, 650000, NULL, 81),
(818, NULL, 4, 2019, NULL, NULL, 'belum bayar', 4, 650000, NULL, 81),
(819, NULL, 5, 2019, NULL, NULL, 'belum bayar', 4, 650000, NULL, 81),
(820, NULL, 6, 2019, NULL, NULL, 'belum bayar', 4, 650000, NULL, 81),
(821, NULL, 7, 2018, NULL, NULL, 'belum bayar', 4, 650000, NULL, 82),
(822, NULL, 8, 2018, NULL, NULL, 'belum bayar', 4, 650000, NULL, 82),
(823, NULL, 9, 2018, NULL, NULL, 'belum bayar', 4, 650000, NULL, 82),
(824, NULL, 10, 2018, NULL, NULL, 'belum bayar', 4, 650000, NULL, 82),
(825, NULL, 11, 2018, NULL, NULL, 'belum bayar', 4, 650000, NULL, 82),
(826, NULL, 12, 2018, NULL, NULL, 'belum bayar', 4, 650000, NULL, 82),
(827, NULL, 1, 2019, NULL, NULL, 'belum bayar', 4, 650000, NULL, 82),
(828, NULL, 2, 2019, NULL, NULL, 'belum bayar', 4, 650000, NULL, 82),
(829, NULL, 3, 2019, NULL, NULL, 'belum bayar', 4, 650000, NULL, 82),
(830, NULL, 4, 2019, NULL, NULL, 'belum bayar', 4, 650000, NULL, 82),
(831, NULL, 5, 2019, NULL, NULL, 'belum bayar', 4, 650000, NULL, 82),
(832, NULL, 6, 2019, NULL, NULL, 'belum bayar', 4, 650000, NULL, 82),
(833, NULL, 7, 2018, '2018-09-15 05:26:54', '2019020705263950', 'sudah bayar', 4, 650000, 650000, 83),
(834, NULL, 8, 2018, '2018-09-15 05:27:10', '2019020705265667', 'sudah bayar', 4, 650000, 650000, 83),
(835, NULL, 9, 2018, '2018-10-11 05:27:32', '2019020705271372', 'sudah bayar', 4, 650000, 650000, 83),
(836, NULL, 10, 2018, '2018-11-23 05:27:49', '2019020705273562', 'sudah bayar', 4, 650000, 650000, 83),
(837, NULL, 11, 2018, NULL, NULL, 'belum bayar', 4, 650000, NULL, 83),
(838, NULL, 12, 2018, NULL, NULL, 'belum bayar', 4, 650000, NULL, 83),
(839, NULL, 1, 2019, NULL, NULL, 'belum bayar', 4, 650000, NULL, 83),
(840, NULL, 2, 2019, NULL, NULL, 'belum bayar', 4, 650000, NULL, 83),
(841, NULL, 3, 2019, NULL, NULL, 'belum bayar', 4, 650000, NULL, 83),
(842, NULL, 4, 2019, NULL, NULL, 'belum bayar', 4, 650000, NULL, 83),
(843, NULL, 5, 2019, NULL, NULL, 'belum bayar', 4, 650000, NULL, 83),
(844, NULL, 6, 2019, NULL, NULL, 'belum bayar', 4, 650000, NULL, 83),
(845, NULL, 7, 2018, '2019-02-20 02:10:21', '2019022502100629', 'sudah bayar', 4, 650000, 425000, 84),
(846, NULL, 8, 2018, '2019-02-20 02:10:34', '2019022502102571', 'sudah bayar', 4, 650000, 425000, 84),
(847, NULL, 9, 2018, NULL, NULL, 'belum bayar', 4, 650000, NULL, 84),
(848, NULL, 10, 2018, NULL, NULL, 'belum bayar', 4, 650000, NULL, 84),
(849, NULL, 11, 2018, NULL, NULL, 'belum bayar', 4, 650000, NULL, 84),
(850, NULL, 12, 2018, NULL, NULL, 'belum bayar', 4, 650000, NULL, 84),
(851, NULL, 1, 2019, NULL, NULL, 'belum bayar', 4, 650000, NULL, 84),
(852, NULL, 2, 2019, NULL, NULL, 'belum bayar', 4, 650000, NULL, 84),
(853, NULL, 3, 2019, NULL, NULL, 'belum bayar', 4, 650000, NULL, 84),
(854, NULL, 4, 2019, NULL, NULL, 'belum bayar', 4, 650000, NULL, 84),
(855, NULL, 5, 2019, NULL, NULL, 'belum bayar', 4, 650000, NULL, 84),
(856, NULL, 6, 2019, NULL, NULL, 'belum bayar', 4, 650000, NULL, 84),
(857, NULL, 7, 2018, '2018-07-26 05:31:07', '2019020705305626', 'sudah bayar', 4, 550000, 550000, 85),
(858, NULL, 8, 2018, '2018-08-30 05:31:23', '2019020705310959', 'sudah bayar', 4, 550000, 550000, 85),
(859, NULL, 9, 2018, '2018-09-28 05:31:40', '2019020705312622', 'sudah bayar', 4, 550000, 550000, 85),
(860, NULL, 10, 2018, NULL, NULL, 'belum bayar', 4, 550000, NULL, 85),
(861, NULL, 11, 2018, NULL, NULL, 'belum bayar', 4, 550000, NULL, 85),
(862, NULL, 12, 2018, NULL, NULL, 'belum bayar', 4, 550000, NULL, 85),
(863, NULL, 1, 2019, NULL, NULL, 'belum bayar', 4, 550000, NULL, 85),
(864, NULL, 2, 2019, NULL, NULL, 'belum bayar', 4, 550000, NULL, 85),
(865, NULL, 3, 2019, NULL, NULL, 'belum bayar', 4, 550000, NULL, 85),
(866, NULL, 4, 2019, NULL, NULL, 'belum bayar', 4, 550000, NULL, 85),
(867, NULL, 5, 2019, NULL, NULL, 'belum bayar', 4, 550000, NULL, 85),
(868, NULL, 6, 2019, NULL, NULL, 'belum bayar', 4, 550000, NULL, 85),
(869, NULL, 7, 2018, '2018-07-29 05:32:26', '2019020705321193', 'sudah bayar', 5, 650000, 650000, 86),
(870, NULL, 8, 2018, '2018-08-23 05:32:42', '2019020705322887', 'sudah bayar', 5, 650000, 650000, 86),
(871, NULL, 9, 2018, '2018-09-15 05:32:59', '2019020705324416', 'sudah bayar', 5, 650000, 650000, 86),
(872, NULL, 10, 2018, '2018-10-14 05:33:21', '2019020705330170', 'sudah bayar', 5, 650000, 650000, 86),
(873, NULL, 11, 2018, '2018-11-20 05:34:04', '2019020705335366', 'sudah bayar', 5, 650000, 650000, 86),
(874, NULL, 12, 2018, '2018-11-24 05:34:22', '2019020705341214', 'sudah bayar', 5, 650000, 650000, 86),
(875, NULL, 1, 2019, '2019-01-12 05:34:50', '2019020705343970', 'sudah bayar', 5, 650000, 650000, 86),
(876, NULL, 2, 2019, NULL, NULL, 'belum bayar', 5, 650000, NULL, 86),
(877, NULL, 3, 2019, NULL, NULL, 'belum bayar', 5, 650000, NULL, 86),
(878, NULL, 4, 2019, NULL, NULL, 'belum bayar', 5, 650000, NULL, 86),
(879, NULL, 5, 2019, NULL, NULL, 'belum bayar', 5, 650000, NULL, 86),
(880, NULL, 6, 2019, NULL, NULL, 'belum bayar', 5, 650000, NULL, 86),
(881, NULL, 7, 2018, '2018-08-23 05:35:27', '2019020705351766', 'sudah bayar', 5, 650000, 650000, 87),
(882, NULL, 8, 2018, '2018-08-23 05:35:46', '2019020705352814', 'sudah bayar', 5, 650000, 650000, 87),
(883, NULL, 9, 2018, '2018-10-06 05:36:01', '2019020705354897', 'sudah bayar', 5, 650000, 650000, 87),
(884, NULL, 10, 2018, '2018-11-24 05:36:17', '2019020705360358', 'sudah bayar', 5, 650000, 650000, 87),
(885, NULL, 11, 2018, '2019-01-19 05:41:46', '2019020705413765', 'sudah bayar', 5, 650000, 650000, 87),
(886, NULL, 12, 2018, '2019-01-19 05:42:25', '2019020705421471', 'sudah bayar', 5, 650000, 650000, 87),
(887, NULL, 1, 2019, NULL, NULL, 'belum bayar', 5, 650000, NULL, 87),
(888, NULL, 2, 2019, NULL, NULL, 'belum bayar', 5, 650000, NULL, 87),
(889, NULL, 3, 2019, NULL, NULL, 'belum bayar', 5, 650000, NULL, 87),
(890, NULL, 4, 2019, NULL, NULL, 'belum bayar', 5, 650000, NULL, 87),
(891, NULL, 5, 2019, NULL, NULL, 'belum bayar', 5, 650000, NULL, 87),
(892, NULL, 6, 2019, NULL, NULL, 'belum bayar', 5, 650000, NULL, 87),
(893, NULL, 7, 2018, '2018-08-23 05:43:16', '2019020705430588', 'sudah bayar', 5, 650000, 650000, 88),
(894, NULL, 8, 2018, '2018-09-15 05:43:31', '2019020705431714', 'sudah bayar', 5, 650000, 650000, 88),
(895, NULL, 9, 2018, '2018-10-20 05:43:50', '2019020705433599', 'sudah bayar', 5, 650000, 650000, 88),
(896, NULL, 10, 2018, '2018-11-11 05:44:10', '2019020705435455', 'sudah bayar', 5, 650000, 650000, 88),
(897, NULL, 11, 2018, '2018-11-11 05:44:40', '2019020705443218', 'sudah bayar', 5, 650000, 650000, 88),
(898, NULL, 12, 2018, NULL, NULL, 'belum bayar', 5, 650000, NULL, 88),
(899, NULL, 1, 2019, NULL, NULL, 'belum bayar', 5, 650000, NULL, 88),
(900, NULL, 2, 2019, NULL, NULL, 'belum bayar', 5, 650000, NULL, 88),
(901, NULL, 3, 2019, NULL, NULL, 'belum bayar', 5, 650000, NULL, 88),
(902, NULL, 4, 2019, NULL, NULL, 'belum bayar', 5, 650000, NULL, 88),
(903, NULL, 5, 2019, NULL, NULL, 'belum bayar', 5, 650000, NULL, 88),
(904, NULL, 6, 2019, NULL, NULL, 'belum bayar', 5, 650000, NULL, 88),
(905, NULL, 7, 2018, NULL, NULL, 'belum bayar', 5, 650000, NULL, 89),
(906, NULL, 8, 2018, NULL, NULL, 'belum bayar', 5, 650000, NULL, 89),
(907, NULL, 9, 2018, '2018-11-21 05:48:22', '2019020705480710', 'sudah bayar', 5, 650000, 650000, 89),
(908, NULL, 10, 2018, '2018-11-21 05:48:38', '2019020705482664', 'sudah bayar', 5, 650000, 650000, 89),
(909, NULL, 11, 2018, '2018-11-21 05:48:55', '2019020705484162', 'sudah bayar', 5, 650000, 650000, 89),
(910, NULL, 12, 2018, '2018-11-21 05:49:10', '2019020705485885', 'sudah bayar', 5, 650000, 650000, 89),
(911, NULL, 1, 2019, NULL, NULL, 'belum bayar', 5, 650000, NULL, 89),
(912, NULL, 2, 2019, NULL, NULL, 'belum bayar', 5, 650000, NULL, 89),
(913, NULL, 3, 2019, NULL, NULL, 'belum bayar', 5, 650000, NULL, 89),
(914, NULL, 4, 2019, NULL, NULL, 'belum bayar', 5, 650000, NULL, 89),
(915, NULL, 5, 2019, NULL, NULL, 'belum bayar', 5, 650000, NULL, 89),
(916, NULL, 6, 2019, NULL, NULL, 'belum bayar', 5, 650000, NULL, 89),
(917, NULL, 7, 2018, '2018-09-14 05:49:43', '2019020705493241', 'sudah bayar', 5, 650000, 650000, 90),
(918, NULL, 8, 2018, '2018-09-14 05:49:59', '2019020705494543', 'sudah bayar', 5, 650000, 650000, 90),
(919, NULL, 9, 2018, '2018-09-14 05:50:16', '2019020705500239', 'sudah bayar', 5, 650000, 650000, 90),
(920, NULL, 10, 2018, '2018-11-21 05:50:31', '2019020705501969', 'sudah bayar', 5, 650000, 650000, 90),
(921, NULL, 11, 2018, '2018-11-23 05:50:47', '2019020705503491', 'sudah bayar', 5, 650000, 650000, 90),
(922, NULL, 12, 2018, NULL, NULL, 'belum bayar', 5, 650000, NULL, 90),
(923, NULL, 1, 2019, NULL, NULL, 'belum bayar', 5, 650000, NULL, 90),
(924, NULL, 2, 2019, NULL, NULL, 'belum bayar', 5, 650000, NULL, 90),
(925, NULL, 3, 2019, NULL, NULL, 'belum bayar', 5, 650000, NULL, 90),
(926, NULL, 4, 2019, NULL, NULL, 'belum bayar', 5, 650000, NULL, 90),
(927, NULL, 5, 2019, NULL, NULL, 'belum bayar', 5, 650000, NULL, 90),
(928, NULL, 6, 2019, NULL, NULL, 'belum bayar', 5, 650000, NULL, 90),
(929, NULL, 7, 2018, '2018-07-11 05:53:52', '2019020705533243', 'sudah bayar', 5, 650000, 650000, 91),
(930, NULL, 8, 2018, '2018-09-22 05:54:09', '2019020705535428', 'sudah bayar', 5, 650000, 650000, 91),
(931, NULL, 9, 2018, '2018-09-22 05:54:24', '2019020705541181', 'sudah bayar', 5, 650000, 650000, 91),
(932, NULL, 10, 2018, '2018-11-23 05:54:42', '2019020705542666', 'sudah bayar', 5, 650000, 650000, 91),
(933, NULL, 11, 2018, '2019-01-05 05:58:57', '2019020705584823', 'sudah bayar', 5, 650000, 650000, 91),
(934, NULL, 12, 2018, NULL, NULL, 'belum bayar', 5, 650000, NULL, 91),
(935, NULL, 1, 2019, NULL, NULL, 'belum bayar', 5, 650000, NULL, 91),
(936, NULL, 2, 2019, NULL, NULL, 'belum bayar', 5, 650000, NULL, 91),
(937, NULL, 3, 2019, NULL, NULL, 'belum bayar', 5, 650000, NULL, 91),
(938, NULL, 4, 2019, NULL, NULL, 'belum bayar', 5, 650000, NULL, 91),
(939, NULL, 5, 2019, NULL, NULL, 'belum bayar', 5, 650000, NULL, 91),
(940, NULL, 6, 2019, NULL, NULL, 'belum bayar', 5, 650000, NULL, 91),
(941, NULL, 7, 2018, '2018-08-24 06:00:20', '2019020706000914', 'sudah bayar', 5, 700000, 700000, 92),
(942, NULL, 8, 2018, '2018-09-06 06:00:35', '2019020706002334', 'sudah bayar', 5, 700000, 700000, 92),
(943, NULL, 9, 2018, '2018-09-06 06:00:51', '2019020706003710', 'sudah bayar', 5, 700000, 700000, 92),
(944, NULL, 10, 2018, '2018-10-11 06:01:08', '2019020706005389', 'sudah bayar', 5, 700000, 700000, 92),
(945, NULL, 11, 2018, '2018-10-11 06:01:24', '2019020706011148', 'sudah bayar', 5, 700000, 700000, 92),
(946, NULL, 12, 2018, '2018-11-23 06:01:42', '2019020706012671', 'sudah bayar', 5, 700000, 700000, 92),
(947, NULL, 1, 2019, '2018-12-31 06:02:08', '2019020706014466', 'sudah bayar', 5, 700000, 700000, 92),
(948, NULL, 2, 2019, '2019-02-12 07:27:05', '2019022207264619', 'sudah bayar', 5, 700000, 700000, 92),
(949, NULL, 3, 2019, NULL, NULL, 'belum bayar', 5, 700000, NULL, 92),
(950, NULL, 4, 2019, NULL, NULL, 'belum bayar', 5, 700000, NULL, 92),
(951, NULL, 5, 2019, NULL, NULL, 'belum bayar', 5, 700000, NULL, 92),
(952, NULL, 6, 2019, NULL, NULL, 'belum bayar', 5, 700000, NULL, 92),
(953, NULL, 7, 2018, '2018-07-11 06:02:41', '2019020706023257', 'sudah bayar', 5, 750000, 750000, 93),
(954, NULL, 8, 2018, '2018-08-24 06:02:57', '2019020706024328', 'sudah bayar', 5, 750000, 750000, 93),
(955, NULL, 9, 2018, '2018-09-26 06:03:20', '2019020706030012', 'sudah bayar', 5, 750000, 750000, 93),
(956, NULL, 10, 2018, '2018-10-27 06:03:37', '2019020706032350', 'sudah bayar', 5, 750000, 750000, 93),
(957, NULL, 11, 2018, '2018-11-24 06:03:53', '2019020706033989', 'sudah bayar', 5, 750000, 750000, 93),
(958, NULL, 12, 2018, '2019-01-01 06:04:50', '2019020706044118', 'sudah bayar', 5, 750000, 750000, 93),
(959, NULL, 1, 2019, '2019-02-22 07:23:35', '2019022207232051', 'sudah bayar', 5, 750000, 750000, 93),
(960, NULL, 2, 2019, NULL, NULL, 'belum bayar', 5, 750000, NULL, 93),
(961, NULL, 3, 2019, NULL, NULL, 'belum bayar', 5, 750000, NULL, 93),
(962, NULL, 4, 2019, NULL, NULL, 'belum bayar', 5, 750000, NULL, 93),
(963, NULL, 5, 2019, NULL, NULL, 'belum bayar', 5, 750000, NULL, 93),
(964, NULL, 6, 2019, NULL, NULL, 'belum bayar', 5, 750000, NULL, 93),
(965, NULL, 7, 2018, NULL, NULL, 'belum bayar', 5, 650000, NULL, 94),
(966, NULL, 8, 2018, NULL, NULL, 'belum bayar', 5, 650000, NULL, 94),
(967, NULL, 9, 2018, NULL, NULL, 'belum bayar', 5, 650000, NULL, 94),
(968, NULL, 10, 2018, NULL, NULL, 'belum bayar', 5, 650000, NULL, 94),
(969, NULL, 11, 2018, NULL, NULL, 'belum bayar', 5, 650000, NULL, 94),
(970, NULL, 12, 2018, NULL, NULL, 'belum bayar', 5, 650000, NULL, 94),
(971, NULL, 1, 2019, NULL, NULL, 'belum bayar', 5, 650000, NULL, 94),
(972, NULL, 2, 2019, NULL, NULL, 'belum bayar', 5, 650000, NULL, 94),
(973, NULL, 3, 2019, NULL, NULL, 'belum bayar', 5, 650000, NULL, 94),
(974, NULL, 4, 2019, NULL, NULL, 'belum bayar', 5, 650000, NULL, 94),
(975, NULL, 5, 2019, NULL, NULL, 'belum bayar', 5, 650000, NULL, 94),
(976, NULL, 6, 2019, NULL, NULL, 'belum bayar', 5, 650000, NULL, 94),
(977, NULL, 7, 2018, '2018-08-09 06:05:22', '2019020706050526', 'sudah bayar', 5, 700000, 700000, 95),
(978, NULL, 8, 2018, '2018-08-09 06:05:43', '2019020706052472', 'sudah bayar', 5, 700000, 700000, 95),
(979, NULL, 9, 2018, '2018-09-15 06:06:00', '2019020706054646', 'sudah bayar', 5, 700000, 700000, 95),
(980, NULL, 10, 2018, '2018-10-11 06:06:15', '2019020706060220', 'sudah bayar', 5, 700000, 700000, 95),
(981, NULL, 11, 2018, '2018-11-13 06:06:31', '2019020706061882', 'sudah bayar', 5, 700000, 700000, 95),
(982, NULL, 12, 2018, '2018-12-08 06:06:47', '2019020706063373', 'sudah bayar', 5, 700000, 700000, 95),
(983, NULL, 1, 2019, '2019-01-21 06:07:19', '2019020706071027', 'sudah bayar', 5, 700000, 700000, 95),
(984, NULL, 2, 2019, '2019-01-21 06:07:30', '2019020706072194', 'sudah bayar', 5, 700000, 700000, 95),
(985, NULL, 3, 2019, NULL, NULL, 'belum bayar', 5, 700000, NULL, 95),
(986, NULL, 4, 2019, NULL, NULL, 'belum bayar', 5, 700000, NULL, 95),
(987, NULL, 5, 2019, NULL, NULL, 'belum bayar', 5, 700000, NULL, 95),
(988, NULL, 6, 2019, NULL, NULL, 'belum bayar', 5, 700000, NULL, 95),
(989, NULL, 7, 2018, '2018-07-24 01:52:31', '2019020801521173', 'sudah bayar', 5, 750000, 750000, 96),
(990, NULL, 8, 2018, '2018-08-23 01:52:51', '2019020801523477', 'sudah bayar', 5, 750000, 750000, 96),
(991, NULL, 9, 2018, '2018-09-11 01:53:11', '2019020801525442', 'sudah bayar', 5, 750000, 750000, 96),
(992, NULL, 10, 2018, '2018-09-11 01:53:31', '2019020801531371', 'sudah bayar', 5, 750000, 750000, 96),
(993, NULL, 11, 2018, '2018-11-13 01:53:49', '2019020801533359', 'sudah bayar', 5, 750000, 750000, 96),
(994, NULL, 12, 2018, '2019-01-08 01:54:48', '2019020801543890', 'sudah bayar', 5, 750000, 750000, 96),
(995, NULL, 1, 2019, '2019-02-08 01:57:28', '2019020901570021', 'sudah bayar', 5, 750000, 750000, 96),
(996, NULL, 2, 2019, '2019-02-09 01:59:37', '2019020901581668', 'sudah bayar', 5, 750000, 750000, 96),
(997, NULL, 3, 2019, '2019-02-09 01:59:56', '2019020901594037', 'sudah bayar', 5, 750000, 750000, 96),
(998, NULL, 4, 2019, NULL, NULL, 'belum bayar', 5, 750000, NULL, 96),
(999, NULL, 5, 2019, NULL, NULL, 'belum bayar', 5, 750000, NULL, 96),
(1000, NULL, 6, 2019, NULL, NULL, 'belum bayar', 5, 750000, NULL, 96),
(1001, NULL, 7, 2018, '2018-08-24 01:55:26', '2019020801551558', 'sudah bayar', 5, 650000, 650000, 97),
(1002, NULL, 8, 2018, '2018-09-15 01:55:43', '2019020801552884', 'sudah bayar', 5, 650000, 650000, 97),
(1003, NULL, 9, 2018, '2018-09-15 01:56:04', '2019020801554721', 'sudah bayar', 5, 650000, 650000, 97),
(1004, NULL, 10, 2018, '2018-10-16 01:56:20', '2019020801560697', 'sudah bayar', 5, 650000, 650000, 97),
(1005, NULL, 11, 2018, '2019-01-01 01:59:24', '2019020801591632', 'sudah bayar', 5, 650000, 650000, 97),
(1006, NULL, 12, 2018, '2019-01-01 02:24:15', '2019022502235764', 'sudah bayar', 5, 650000, 650000, 97),
(1007, NULL, 1, 2019, '2019-01-27 02:24:44', '2019022502242043', 'sudah bayar', 5, 650000, 650000, 97),
(1008, NULL, 2, 2019, NULL, NULL, 'belum bayar', 5, 650000, NULL, 97),
(1009, NULL, 3, 2019, NULL, NULL, 'belum bayar', 5, 650000, NULL, 97),
(1010, NULL, 4, 2019, NULL, NULL, 'belum bayar', 5, 650000, NULL, 97),
(1011, NULL, 5, 2019, NULL, NULL, 'belum bayar', 5, 650000, NULL, 97),
(1012, NULL, 6, 2019, NULL, NULL, 'belum bayar', 5, 650000, NULL, 97),
(1013, NULL, 7, 2018, '2018-10-22 02:00:08', '2019020801595122', 'sudah bayar', 5, 650000, 650000, 98),
(1014, NULL, 8, 2018, '2018-11-14 02:00:28', '2019020802001335', 'sudah bayar', 5, 650000, 650000, 98),
(1015, NULL, 9, 2018, '2018-12-04 02:01:53', '2019020802014384', 'sudah bayar', 5, 650000, 650000, 98),
(1016, NULL, 10, 2018, NULL, NULL, 'belum bayar', 5, 650000, NULL, 98),
(1017, NULL, 11, 2018, NULL, NULL, 'belum bayar', 5, 650000, NULL, 98),
(1018, NULL, 12, 2018, NULL, NULL, 'belum bayar', 5, 650000, NULL, 98),
(1019, NULL, 1, 2019, NULL, NULL, 'belum bayar', 5, 650000, NULL, 98),
(1020, NULL, 2, 2019, NULL, NULL, 'belum bayar', 5, 650000, NULL, 98),
(1021, NULL, 3, 2019, NULL, NULL, 'belum bayar', 5, 650000, NULL, 98),
(1022, NULL, 4, 2019, NULL, NULL, 'belum bayar', 5, 650000, NULL, 98),
(1023, NULL, 5, 2019, NULL, NULL, 'belum bayar', 5, 650000, NULL, 98),
(1024, NULL, 6, 2019, NULL, NULL, 'belum bayar', 5, 650000, NULL, 98),
(1025, NULL, 7, 2018, '2018-10-15 02:02:39', '2019020802022946', 'sudah bayar', 5, 650000, 650000, 99),
(1026, NULL, 8, 2018, '2018-11-25 02:06:04', '2019020802055069', 'sudah bayar', 5, 650000, 650000, 99),
(1027, NULL, 9, 2018, NULL, NULL, 'belum bayar', 5, 650000, NULL, 99),
(1028, NULL, 10, 2018, NULL, NULL, 'belum bayar', 5, 650000, NULL, 99),
(1029, NULL, 11, 2018, NULL, NULL, 'belum bayar', 5, 650000, NULL, 99),
(1030, NULL, 12, 2018, NULL, NULL, 'belum bayar', 5, 650000, NULL, 99),
(1031, NULL, 1, 2019, NULL, NULL, 'belum bayar', 5, 650000, NULL, 99),
(1032, NULL, 2, 2019, NULL, NULL, 'belum bayar', 5, 650000, NULL, 99),
(1033, NULL, 3, 2019, NULL, NULL, 'belum bayar', 5, 650000, NULL, 99),
(1034, NULL, 4, 2019, NULL, NULL, 'belum bayar', 5, 650000, NULL, 99),
(1035, NULL, 5, 2019, NULL, NULL, 'belum bayar', 5, 650000, NULL, 99),
(1036, NULL, 6, 2019, NULL, NULL, 'belum bayar', 5, 650000, NULL, 99),
(1037, NULL, 7, 2018, '2018-08-15 02:06:36', '2019020802062464', 'sudah bayar', 5, 700000, 700000, 100),
(1038, NULL, 8, 2018, '2018-09-11 02:06:55', '2019020802063946', 'sudah bayar', 5, 700000, 700000, 100),
(1039, NULL, 9, 2018, '2018-10-11 02:08:46', '2019020802083616', 'sudah bayar', 5, 700000, 700000, 100),
(1040, NULL, 10, 2018, '2018-12-04 02:09:23', '2019020802091276', 'sudah bayar', 5, 700000, 700000, 100),
(1041, NULL, 11, 2018, '2019-01-30 02:07:55', '2019022502073762', 'sudah bayar', 5, 700000, 700000, 100),
(1042, NULL, 12, 2018, '2019-01-30 02:08:07', '2019022502075750', 'sudah bayar', 5, 700000, 700000, 100),
(1043, NULL, 1, 2019, NULL, NULL, 'belum bayar', 5, 700000, NULL, 100),
(1044, NULL, 2, 2019, NULL, NULL, 'belum bayar', 5, 700000, NULL, 100),
(1045, NULL, 3, 2019, NULL, NULL, 'belum bayar', 5, 700000, NULL, 100),
(1046, NULL, 4, 2019, NULL, NULL, 'belum bayar', 5, 700000, NULL, 100),
(1047, NULL, 5, 2019, NULL, NULL, 'belum bayar', 5, 700000, NULL, 100),
(1048, NULL, 6, 2019, NULL, NULL, 'belum bayar', 5, 700000, NULL, 100),
(1049, NULL, 7, 2018, '2018-09-15 02:10:10', '2019020802095764', 'sudah bayar', 5, 650000, 650000, 101),
(1050, NULL, 8, 2018, '2018-09-22 02:10:29', '2019020802101379', 'sudah bayar', 5, 650000, 650000, 101),
(1051, NULL, 9, 2018, '2018-11-12 02:10:46', '2019020802103187', 'sudah bayar', 5, 650000, 650000, 101),
(1052, NULL, 10, 2018, '2018-11-12 02:11:03', '2019020802104860', 'sudah bayar', 5, 650000, 650000, 101),
(1053, NULL, 11, 2018, '2018-11-23 02:11:20', '2019020802110569', 'sudah bayar', 5, 650000, 650000, 101),
(1054, NULL, 12, 2018, NULL, NULL, 'belum bayar', 5, 650000, NULL, 101),
(1055, NULL, 1, 2019, NULL, NULL, 'belum bayar', 5, 650000, NULL, 101),
(1056, NULL, 2, 2019, NULL, NULL, 'belum bayar', 5, 650000, NULL, 101),
(1057, NULL, 3, 2019, NULL, NULL, 'belum bayar', 5, 650000, NULL, 101),
(1058, NULL, 4, 2019, NULL, NULL, 'belum bayar', 5, 650000, NULL, 101),
(1059, NULL, 5, 2019, NULL, NULL, 'belum bayar', 5, 650000, NULL, 101),
(1060, NULL, 6, 2019, NULL, NULL, 'belum bayar', 5, 650000, NULL, 101),
(1061, NULL, 7, 2018, '2018-08-31 02:13:36', '2019020802132684', 'sudah bayar', 5, 650000, 650000, 102),
(1062, NULL, 8, 2018, '2018-08-31 02:13:53', '2019020802133858', 'sudah bayar', 5, 650000, 650000, 102),
(1063, NULL, 9, 2018, '2018-08-31 02:14:11', '2019020802135525', 'sudah bayar', 5, 650000, 650000, 102),
(1064, NULL, 10, 2018, '2018-12-15 02:15:33', '2019020802152143', 'sudah bayar', 5, 650000, 650000, 102),
(1065, NULL, 11, 2018, '2018-12-15 02:15:44', '2019020802153594', 'sudah bayar', 5, 650000, 650000, 102),
(1066, NULL, 12, 2018, '2018-12-15 02:15:55', '2019020802154672', 'sudah bayar', 5, 650000, 650000, 102),
(1067, NULL, 1, 2019, NULL, NULL, 'belum bayar', 5, 650000, NULL, 102),
(1068, NULL, 2, 2019, NULL, NULL, 'belum bayar', 5, 650000, NULL, 102),
(1069, NULL, 3, 2019, NULL, NULL, 'belum bayar', 5, 650000, NULL, 102),
(1070, NULL, 4, 2019, NULL, NULL, 'belum bayar', 5, 650000, NULL, 102),
(1071, NULL, 5, 2019, NULL, NULL, 'belum bayar', 5, 650000, NULL, 102),
(1072, NULL, 6, 2019, NULL, NULL, 'belum bayar', 5, 650000, NULL, 102),
(1073, NULL, 7, 2018, '2018-09-11 02:17:00', '2019020802164435', 'sudah bayar', 5, 750000, 750000, 103),
(1074, NULL, 8, 2018, '2018-10-04 02:17:19', '2019020802170313', 'sudah bayar', 5, 750000, 750000, 103),
(1075, NULL, 9, 2018, '2018-11-23 02:17:36', '2019020802172172', 'sudah bayar', 5, 750000, 750000, 103),
(1076, NULL, 10, 2018, '2018-11-23 02:17:56', '2019020802173811', 'sudah bayar', 5, 750000, 750000, 103),
(1077, NULL, 11, 2018, '2018-11-23 02:18:15', '2019020802175873', 'sudah bayar', 5, 750000, 750000, 103),
(1078, NULL, 12, 2018, NULL, NULL, 'belum bayar', 5, 750000, NULL, 103),
(1079, NULL, 1, 2019, NULL, NULL, 'belum bayar', 5, 750000, NULL, 103),
(1080, NULL, 2, 2019, NULL, NULL, 'belum bayar', 5, 750000, NULL, 103),
(1081, NULL, 3, 2019, NULL, NULL, 'belum bayar', 5, 750000, NULL, 103),
(1082, NULL, 4, 2019, NULL, NULL, 'belum bayar', 5, 750000, NULL, 103),
(1083, NULL, 5, 2019, NULL, NULL, 'belum bayar', 5, 750000, NULL, 103),
(1084, NULL, 6, 2019, NULL, NULL, 'belum bayar', 5, 750000, NULL, 103),
(1085, NULL, 7, 2018, '2018-07-13 02:19:27', '2019020802190428', 'sudah bayar', 5, 650000, 650000, 104),
(1086, NULL, 8, 2018, '2018-10-27 02:19:45', '2019020802192937', 'sudah bayar', 5, 650000, 650000, 104),
(1087, NULL, 9, 2018, '2018-11-21 02:20:03', '2019020802194956', 'sudah bayar', 5, 650000, 650000, 104),
(1088, NULL, 10, 2018, '2018-11-21 02:20:20', '2019020802201193', 'sudah bayar', 5, 650000, 650000, 104),
(1089, NULL, 11, 2018, '2018-11-21 02:20:36', '2019020802202230', 'sudah bayar', 5, 650000, 650000, 104),
(1090, NULL, 12, 2018, '2018-11-21 02:20:52', '2019020802203985', 'sudah bayar', 5, 650000, 650000, 104),
(1091, NULL, 1, 2019, '2019-01-29 01:56:00', '2019022501554712', 'sudah bayar', 5, 650000, 650000, 104),
(1092, NULL, 2, 2019, '2019-01-29 01:56:11', '2019022501560213', 'sudah bayar', 5, 650000, 650000, 104),
(1093, NULL, 3, 2019, NULL, NULL, 'belum bayar', 5, 650000, NULL, 104),
(1094, NULL, 4, 2019, NULL, NULL, 'belum bayar', 5, 650000, NULL, 104),
(1095, NULL, 5, 2019, NULL, NULL, 'belum bayar', 5, 650000, NULL, 104),
(1096, NULL, 6, 2019, NULL, NULL, 'belum bayar', 5, 650000, NULL, 104);

--
-- Indexes for dumped tables
--

--
-- Indexes for table `tb_cicilan_spp`
--
ALTER TABLE `tb_cicilan_spp`
  ADD PRIMARY KEY (`id_cicilan_spp`);

--
-- Indexes for table `tb_detail_daftar_ulang`
--
ALTER TABLE `tb_detail_daftar_ulang`
  ADD PRIMARY KEY (`id_detail_daftar_ulang`);

--
-- Indexes for table `tb_detail_set_daftar_ulang`
--
ALTER TABLE `tb_detail_set_daftar_ulang`
  ADD PRIMARY KEY (`id_detail_set_daftar_ulang`);

--
-- Indexes for table `tb_jenis_pembayaran`
--
ALTER TABLE `tb_jenis_pembayaran`
  ADD PRIMARY KEY (`id_jenis_pembayaran`);

--
-- Indexes for table `tb_kelas`
--
ALTER TABLE `tb_kelas`
  ADD PRIMARY KEY (`id_kelas`);

--
-- Indexes for table `tb_set_daftar_ulang`
--
ALTER TABLE `tb_set_daftar_ulang`
  ADD PRIMARY KEY (`id_set_daftar_ulang`);

--
-- Indexes for table `tb_set_spp`
--
ALTER TABLE `tb_set_spp`
  ADD PRIMARY KEY (`id_set_spp`);

--
-- Indexes for table `tb_siswa`
--
ALTER TABLE `tb_siswa`
  ADD PRIMARY KEY (`id_siswa`);

--
-- Indexes for table `tb_siswa_di_pembayaran_daful`
--
ALTER TABLE `tb_siswa_di_pembayaran_daful`
  ADD PRIMARY KEY (`id_siswa_di_pemabayaran_daful`);

--
-- Indexes for table `tb_tahun_ajaran`
--
ALTER TABLE `tb_tahun_ajaran`
  ADD PRIMARY KEY (`id_tahun_ajaran`);

--
-- Indexes for table `tb_transaksi_pembayaran_daful`
--
ALTER TABLE `tb_transaksi_pembayaran_daful`
  ADD PRIMARY KEY (`id_transaksi_pembayaran_daful`);

--
-- Indexes for table `tb_transaksi_pembayaran_spp`
--
ALTER TABLE `tb_transaksi_pembayaran_spp`
  ADD PRIMARY KEY (`id_transaksi_spp`);

--
-- AUTO_INCREMENT for dumped tables
--

--
-- AUTO_INCREMENT for table `tb_cicilan_spp`
--
ALTER TABLE `tb_cicilan_spp`
  MODIFY `id_cicilan_spp` int(11) NOT NULL AUTO_INCREMENT;

--
-- AUTO_INCREMENT for table `tb_detail_daftar_ulang`
--
ALTER TABLE `tb_detail_daftar_ulang`
  MODIFY `id_detail_daftar_ulang` int(11) NOT NULL AUTO_INCREMENT, AUTO_INCREMENT=10;

--
-- AUTO_INCREMENT for table `tb_detail_set_daftar_ulang`
--
ALTER TABLE `tb_detail_set_daftar_ulang`
  MODIFY `id_detail_set_daftar_ulang` int(11) NOT NULL AUTO_INCREMENT, AUTO_INCREMENT=29;

--
-- AUTO_INCREMENT for table `tb_jenis_pembayaran`
--
ALTER TABLE `tb_jenis_pembayaran`
  MODIFY `id_jenis_pembayaran` int(11) NOT NULL AUTO_INCREMENT, AUTO_INCREMENT=3;

--
-- AUTO_INCREMENT for table `tb_kelas`
--
ALTER TABLE `tb_kelas`
  MODIFY `id_kelas` int(11) NOT NULL AUTO_INCREMENT, AUTO_INCREMENT=6;

--
-- AUTO_INCREMENT for table `tb_set_daftar_ulang`
--
ALTER TABLE `tb_set_daftar_ulang`
  MODIFY `id_set_daftar_ulang` int(11) NOT NULL AUTO_INCREMENT, AUTO_INCREMENT=5;

--
-- AUTO_INCREMENT for table `tb_set_spp`
--
ALTER TABLE `tb_set_spp`
  MODIFY `id_set_spp` int(11) NOT NULL AUTO_INCREMENT, AUTO_INCREMENT=6;

--
-- AUTO_INCREMENT for table `tb_siswa`
--
ALTER TABLE `tb_siswa`
  MODIFY `id_siswa` int(11) NOT NULL AUTO_INCREMENT, AUTO_INCREMENT=105;

--
-- AUTO_INCREMENT for table `tb_siswa_di_pembayaran_daful`
--
ALTER TABLE `tb_siswa_di_pembayaran_daful`
  MODIFY `id_siswa_di_pemabayaran_daful` int(11) NOT NULL AUTO_INCREMENT, AUTO_INCREMENT=100;

--
-- AUTO_INCREMENT for table `tb_tahun_ajaran`
--
ALTER TABLE `tb_tahun_ajaran`
  MODIFY `id_tahun_ajaran` int(11) NOT NULL AUTO_INCREMENT;

--
-- AUTO_INCREMENT for table `tb_transaksi_pembayaran_daful`
--
ALTER TABLE `tb_transaksi_pembayaran_daful`
  MODIFY `id_transaksi_pembayaran_daful` int(11) NOT NULL AUTO_INCREMENT, AUTO_INCREMENT=144;

--
-- AUTO_INCREMENT for table `tb_transaksi_pembayaran_spp`
--
ALTER TABLE `tb_transaksi_pembayaran_spp`
  MODIFY `id_transaksi_spp` int(11) NOT NULL AUTO_INCREMENT, AUTO_INCREMENT=1097;
COMMIT;

/*!40101 SET CHARACTER_SET_CLIENT=@OLD_CHARACTER_SET_CLIENT */;
/*!40101 SET CHARACTER_SET_RESULTS=@OLD_CHARACTER_SET_RESULTS */;
/*!40101 SET COLLATION_CONNECTION=@OLD_COLLATION_CONNECTION */;
